Scenario,ISO,Year,Technology,wacc_projection
Below2,ARG,2025,Wind_Onshore,0.3442199799406191
Below2,ARG,2030,Wind_Onshore,0.0663152268086828
Below2,ARG,2035,Wind_Onshore,0.0614954406557545
Below2,ARG,2040,Wind_Onshore,0.0667131193948109
Below2,ARG,2045,Wind_Onshore,0.0689311428639059
Below2,ARG,2050,Wind_Onshore,0.0698544430913352
Below2,AUS,2025,Wind_Onshore,0.0687578609674093
Below2,AUS,2030,Wind_Onshore,0.0685719591054125
Below2,AUS,2035,Wind_Onshore,0.0682877226335194
Below2,AUS,2040,Wind_Onshore,0.0679986601207781
Below2,AUS,2045,Wind_Onshore,0.068099074335896
Below2,AUS,2050,Wind_Onshore,0.0682254980931347
Below2,AUT,2025,Wind_Onshore,0.0700705817985429
Below2,AUT,2030,Wind_Onshore,0.0700791048230007
Below2,AUT,2035,Wind_Onshore,0.0709964143473585
Below2,AUT,2040,Wind_Onshore,0.0706471014508033
Below2,AUT,2045,Wind_Onshore,0.0709772731085792
Below2,AUT,2050,Wind_Onshore,0.0709930035450228
Below2,BEL,2025,Wind_Onshore,0.0688599869437299
Below2,BEL,2030,Wind_Onshore,0.0686985698166059
Below2,BEL,2035,Wind_Onshore,0.0691617888223255
Below2,BEL,2040,Wind_Onshore,0.0695748313341558
Below2,BEL,2045,Wind_Onshore,0.0699343006188353
Below2,BEL,2050,Wind_Onshore,0.0699349019671403
Below2,BGR,2025,Wind_Onshore,0.0675905015218468
Below2,BGR,2030,Wind_Onshore,0.0642843090956175
Below2,BGR,2035,Wind_Onshore,0.0648497419661396
Below2,BGR,2040,Wind_Onshore,0.065294923384539
Below2,BGR,2045,Wind_Onshore,0.0664134247438149
Below2,BGR,2050,Wind_Onshore,0.066458972172093
Below2,BRA,2025,Wind_Onshore,0.0735073241714095
Below2,BRA,2030,Wind_Onshore,0.0737581382238769
Below2,BRA,2035,Wind_Onshore,0.0742556484059105
Below2,BRA,2040,Wind_Onshore,0.0749279727709963
Below2,BRA,2045,Wind_Onshore,0.0763795366280937
Below2,BRA,2050,Wind_Onshore,0.0767616239189442
Below2,CAN,2025,Wind_Onshore,0.0714245937333351
Below2,CAN,2030,Wind_Onshore,0.0699330007677992
Below2,CAN,2035,Wind_Onshore,0.068685708053494
Below2,CAN,2040,Wind_Onshore,0.0686425059593518
Below2,CAN,2045,Wind_Onshore,0.0693164506069614
Below2,CAN,2050,Wind_Onshore,0.0693948714206426
Below2,CHE,2025,Wind_Onshore,0.0618328010979393
Below2,CHE,2030,Wind_Onshore,0.0611085065750379
Below2,CHE,2035,Wind_Onshore,0.0611835504226332
Below2,CHE,2040,Wind_Onshore,0.0619177848981053
Below2,CHE,2045,Wind_Onshore,0.062841688417061
Below2,CHE,2050,Wind_Onshore,0.0630821539551187
Below2,CHL,2025,Wind_Onshore,0.0736249339369308
Below2,CHL,2030,Wind_Onshore,0.0682034981813924
Below2,CHL,2035,Wind_Onshore,0.0668189578800007
Below2,CHL,2040,Wind_Onshore,0.068038721449957
Below2,CHL,2045,Wind_Onshore,0.0697707496693754
Below2,CHL,2050,Wind_Onshore,0.0696454786905284
Below2,CHN,2025,Wind_Onshore,0.0698592943791748
Below2,CHN,2030,Wind_Onshore,0.0687192319672044
Below2,CHN,2035,Wind_Onshore,0.0681602743116985
Below2,CHN,2040,Wind_Onshore,0.0681827187251508
Below2,CHN,2045,Wind_Onshore,0.0681324050703261
Below2,CHN,2050,Wind_Onshore,0.0684697254380303
Below2,CZE,2025,Wind_Onshore,0.0666306247262857
Below2,CZE,2030,Wind_Onshore,0.0679991971297568
Below2,CZE,2035,Wind_Onshore,0.0667746983248041
Below2,CZE,2040,Wind_Onshore,0.0670571808201146
Below2,CZE,2045,Wind_Onshore,0.067896880911757
Below2,CZE,2050,Wind_Onshore,0.067483563344822
Below2,DEU,2025,Wind_Onshore,0.0662160860812661
Below2,DEU,2030,Wind_Onshore,0.0656530334449647
Below2,DEU,2035,Wind_Onshore,0.0654918907940997
Below2,DEU,2040,Wind_Onshore,0.065233282009026
Below2,DEU,2045,Wind_Onshore,0.0653740962162121
Below2,DEU,2050,Wind_Onshore,0.0656761853801511
Below2,DNK,2025,Wind_Onshore,0.0691267576914588
Below2,DNK,2030,Wind_Onshore,0.0701535916477388
Below2,DNK,2035,Wind_Onshore,0.0704211881686201
Below2,DNK,2040,Wind_Onshore,0.0704876081045876
Below2,DNK,2045,Wind_Onshore,0.0706915536854331
Below2,DNK,2050,Wind_Onshore,0.0705849359868578
Below2,EGY,2025,Wind_Onshore,0.1242699429535662
Below2,EGY,2030,Wind_Onshore,0.0665392603681209
Below2,EGY,2035,Wind_Onshore,0.0644370133025673
Below2,EGY,2040,Wind_Onshore,0.0666151373190297
Below2,EGY,2045,Wind_Onshore,0.0684303128999186
Below2,EGY,2050,Wind_Onshore,0.0694294834857402
Below2,ESP,2025,Wind_Onshore,0.0800125570827895
Below2,ESP,2030,Wind_Onshore,0.0788366391648732
Below2,ESP,2035,Wind_Onshore,0.0794964897007349
Below2,ESP,2040,Wind_Onshore,0.0798774221706364
Below2,ESP,2045,Wind_Onshore,0.0802168727842047
Below2,ESP,2050,Wind_Onshore,0.0799993261528772
Below2,EST,2025,Wind_Onshore,0.0704911414247818
Below2,EST,2030,Wind_Onshore,0.0661266311759574
Below2,EST,2035,Wind_Onshore,0.066867928549026
Below2,EST,2040,Wind_Onshore,0.0682727187387484
Below2,EST,2045,Wind_Onshore,0.0688430357732794
Below2,EST,2050,Wind_Onshore,0.0690162124963323
Below2,FIN,2025,Wind_Onshore,0.0725653945625799
Below2,FIN,2030,Wind_Onshore,0.0716669840282882
Below2,FIN,2035,Wind_Onshore,0.0712650350391674
Below2,FIN,2040,Wind_Onshore,0.0713374556929943
Below2,FIN,2045,Wind_Onshore,0.0719970088811102
Below2,FIN,2050,Wind_Onshore,0.0721818895528012
Below2,FRA,2025,Wind_Onshore,0.0722308953166322
Below2,FRA,2030,Wind_Onshore,0.0717158147756343
Below2,FRA,2035,Wind_Onshore,0.0721426044730503
Below2,FRA,2040,Wind_Onshore,0.0725293472738096
Below2,FRA,2045,Wind_Onshore,0.0727452315472537
Below2,FRA,2050,Wind_Onshore,0.0728921540277256
Below2,GBR,2025,Wind_Onshore,0.0695507902466867
Below2,GBR,2030,Wind_Onshore,0.0671647157908281
Below2,GBR,2035,Wind_Onshore,0.0666592218186233
Below2,GBR,2040,Wind_Onshore,0.0659301348435139
Below2,GBR,2045,Wind_Onshore,0.0658621731858985
Below2,GBR,2050,Wind_Onshore,0.0655733041279072
Below2,GRC,2025,Wind_Onshore,0.0750849517315209
Below2,GRC,2030,Wind_Onshore,0.0776023923791415
Below2,GRC,2035,Wind_Onshore,0.078999704325255
Below2,GRC,2040,Wind_Onshore,0.0793297434862074
Below2,GRC,2045,Wind_Onshore,0.0799089968126309
Below2,GRC,2050,Wind_Onshore,0.0797604812714289
Below2,HKG,2025,Wind_Onshore,0.0671552793250882
Below2,HKG,2030,Wind_Onshore,0.0655769116387455
Below2,HKG,2035,Wind_Onshore,0.0657348516370748
Below2,HKG,2040,Wind_Onshore,0.0653816410116743
Below2,HKG,2045,Wind_Onshore,0.0648414007930269
Below2,HKG,2050,Wind_Onshore,0.0645468518738839
Below2,HRV,2025,Wind_Onshore,0.0691402184138543
Below2,HRV,2030,Wind_Onshore,0.0673354010078591
Below2,HRV,2035,Wind_Onshore,0.0689585412355646
Below2,HRV,2040,Wind_Onshore,0.0689034013812332
Below2,HRV,2045,Wind_Onshore,0.0696645731189954
Below2,HRV,2050,Wind_Onshore,0.0702346949916221
Below2,HUN,2025,Wind_Onshore,0.0719706889709838
Below2,HUN,2030,Wind_Onshore,0.0698008852364318
Below2,HUN,2035,Wind_Onshore,0.0666171105762724
Below2,HUN,2040,Wind_Onshore,0.0663975875213067
Below2,HUN,2045,Wind_Onshore,0.0673409030049272
Below2,HUN,2050,Wind_Onshore,0.0666675451775182
Below2,IDN,2025,Wind_Onshore,0.0695883357701168
Below2,IDN,2030,Wind_Onshore,0.0691625914447585
Below2,IDN,2035,Wind_Onshore,0.0675026220249185
Below2,IDN,2040,Wind_Onshore,0.0678949933083066
Below2,IDN,2045,Wind_Onshore,0.0691264092969415
Below2,IDN,2050,Wind_Onshore,0.069357387166339
Below2,IND,2025,Wind_Onshore,0.0783960475096908
Below2,IND,2030,Wind_Onshore,0.0706634509599026
Below2,IND,2035,Wind_Onshore,0.069841599653146
Below2,IND,2040,Wind_Onshore,0.0709239711156869
Below2,IND,2045,Wind_Onshore,0.0723012251637303
Below2,IND,2050,Wind_Onshore,0.0727467601785091
Below2,IRL,2025,Wind_Onshore,0.0693671934869827
Below2,IRL,2030,Wind_Onshore,0.0691034490058349
Below2,IRL,2035,Wind_Onshore,0.0667855270896342
Below2,IRL,2040,Wind_Onshore,0.0660948842714202
Below2,IRL,2045,Wind_Onshore,0.0663167327145247
Below2,IRL,2050,Wind_Onshore,0.0657638713965028
Below2,ITA,2025,Wind_Onshore,0.0720126581024196
Below2,ITA,2030,Wind_Onshore,0.0740385688764051
Below2,ITA,2035,Wind_Onshore,0.0752909208157512
Below2,ITA,2040,Wind_Onshore,0.0764536671623114
Below2,ITA,2045,Wind_Onshore,0.0777107011868845
Below2,ITA,2050,Wind_Onshore,0.0787787184202525
Below2,JPN,2025,Wind_Onshore,0.0622091694378951
Below2,JPN,2030,Wind_Onshore,0.0623985229093969
Below2,JPN,2035,Wind_Onshore,0.0633213429503588
Below2,JPN,2040,Wind_Onshore,0.0645973477838073
Below2,JPN,2045,Wind_Onshore,0.0655205729515807
Below2,JPN,2050,Wind_Onshore,0.0654894164552664
Below2,KOR,2025,Wind_Onshore,0.0650041259736429
Below2,KOR,2030,Wind_Onshore,0.0641367439609828
Below2,KOR,2035,Wind_Onshore,0.0620577173057254
Below2,KOR,2040,Wind_Onshore,0.0631734688488076
Below2,KOR,2045,Wind_Onshore,0.0647162544783668
Below2,KOR,2050,Wind_Onshore,0.0653552735518984
Below2,LTU,2025,Wind_Onshore,0.070024926174814
Below2,LTU,2030,Wind_Onshore,0.0681621130824498
Below2,LTU,2035,Wind_Onshore,0.067470373305122
Below2,LTU,2040,Wind_Onshore,0.0686624112837022
Below2,LTU,2045,Wind_Onshore,0.0696508770894108
Below2,LTU,2050,Wind_Onshore,0.0699054798664326
Below2,LVA,2025,Wind_Onshore,0.0692077731744597
Below2,LVA,2030,Wind_Onshore,0.0683965052757747
Below2,LVA,2035,Wind_Onshore,0.0686797686008579
Below2,LVA,2040,Wind_Onshore,0.0694744792276582
Below2,LVA,2045,Wind_Onshore,0.0703250708024545
Below2,LVA,2050,Wind_Onshore,0.0707767106472012
Below2,MEX,2025,Wind_Onshore,0.0663058932456406
Below2,MEX,2030,Wind_Onshore,0.0628279911044989
Below2,MEX,2035,Wind_Onshore,0.0627903119560269
Below2,MEX,2040,Wind_Onshore,0.0640097160343921
Below2,MEX,2045,Wind_Onshore,0.0653733865827858
Below2,MEX,2050,Wind_Onshore,0.0658149610279877
Below2,MYS,2025,Wind_Onshore,0.0656889370674805
Below2,MYS,2030,Wind_Onshore,0.0652345316775634
Below2,MYS,2035,Wind_Onshore,0.0656140091432301
Below2,MYS,2040,Wind_Onshore,0.0652150156863774
Below2,MYS,2045,Wind_Onshore,0.0652282163341752
Below2,MYS,2050,Wind_Onshore,0.0655101320614993
Below2,NLD,2025,Wind_Onshore,0.0657022314344864
Below2,NLD,2030,Wind_Onshore,0.0685661072507317
Below2,NLD,2035,Wind_Onshore,0.0702114007144856
Below2,NLD,2040,Wind_Onshore,0.0706883686016918
Below2,NLD,2045,Wind_Onshore,0.0710062202192838
Below2,NLD,2050,Wind_Onshore,0.0711483383956741
Below2,NOR,2025,Wind_Onshore,0.0672360741908182
Below2,NOR,2030,Wind_Onshore,0.0648440523473907
Below2,NOR,2035,Wind_Onshore,0.0631769155177133
Below2,NOR,2040,Wind_Onshore,0.0634099590688695
Below2,NOR,2045,Wind_Onshore,0.064582890047701
Below2,NOR,2050,Wind_Onshore,0.0653795514300033
Below2,NZL,2025,Wind_Onshore,0.0682845831807565
Below2,NZL,2030,Wind_Onshore,0.0628425832243146
Below2,NZL,2035,Wind_Onshore,0.0619416029958066
Below2,NZL,2040,Wind_Onshore,0.0625970635586878
Below2,NZL,2045,Wind_Onshore,0.0639333866650628
Below2,NZL,2050,Wind_Onshore,0.064234289794464
Below2,POL,2025,Wind_Onshore,0.0693690896170399
Below2,POL,2030,Wind_Onshore,0.0657122818827853
Below2,POL,2035,Wind_Onshore,0.0616210972462165
Below2,POL,2040,Wind_Onshore,0.0618461730038971
Below2,POL,2045,Wind_Onshore,0.0639280875847723
Below2,POL,2050,Wind_Onshore,0.06552329536168
Below2,PRT,2025,Wind_Onshore,0.0710325641202729
Below2,PRT,2030,Wind_Onshore,0.0717030836117756
Below2,PRT,2035,Wind_Onshore,0.0731623014938353
Below2,PRT,2040,Wind_Onshore,0.073815514817844
Below2,PRT,2045,Wind_Onshore,0.0740749913515043
Below2,PRT,2050,Wind_Onshore,0.0741223584559154
Below2,ROU,2025,Wind_Onshore,0.0683863394324461
Below2,ROU,2030,Wind_Onshore,0.0647993985827991
Below2,ROU,2035,Wind_Onshore,0.0647617927710309
Below2,ROU,2040,Wind_Onshore,0.064471543206979
Below2,ROU,2045,Wind_Onshore,0.0649655231946187
Below2,ROU,2050,Wind_Onshore,0.0653256324635026
Below2,RUS,2025,Wind_Onshore,0.0733817205715161
Below2,RUS,2030,Wind_Onshore,0.0648070746302882
Below2,RUS,2035,Wind_Onshore,0.0641523082929151
Below2,RUS,2040,Wind_Onshore,0.0642023208884707
Below2,RUS,2045,Wind_Onshore,0.0653159619529479
Below2,RUS,2050,Wind_Onshore,0.065952751817888
Below2,SGP,2025,Wind_Onshore,0.0638684301843781
Below2,SGP,2030,Wind_Onshore,0.0624964460493154
Below2,SGP,2035,Wind_Onshore,0.0636436957005816
Below2,SGP,2040,Wind_Onshore,0.0640829327479334
Below2,SGP,2045,Wind_Onshore,0.0653745791457651
Below2,SGP,2050,Wind_Onshore,0.064636922690359
Below2,SVK,2025,Wind_Onshore,0.070381583077409
Below2,SVK,2030,Wind_Onshore,0.0688852430811569
Below2,SVK,2035,Wind_Onshore,0.0686291183063636
Below2,SVK,2040,Wind_Onshore,0.0678405734521627
Below2,SVK,2045,Wind_Onshore,0.0676048323410567
Below2,SVK,2050,Wind_Onshore,0.0674514026537322
Below2,SVN,2025,Wind_Onshore,0.0651361846341273
Below2,SVN,2030,Wind_Onshore,0.0660199359599445
Below2,SVN,2035,Wind_Onshore,0.0651821489699284
Below2,SVN,2040,Wind_Onshore,0.0657580268288333
Below2,SVN,2045,Wind_Onshore,0.0666953790117188
Below2,SVN,2050,Wind_Onshore,0.0666012045699383
Below2,SWE,2025,Wind_Onshore,0.0744168246332506
Below2,SWE,2030,Wind_Onshore,0.0717782178856625
Below2,SWE,2035,Wind_Onshore,0.0714243708233675
Below2,SWE,2040,Wind_Onshore,0.0712325396260019
Below2,SWE,2045,Wind_Onshore,0.0711091676753663
Below2,SWE,2050,Wind_Onshore,0.0710206908721616
Below2,TWN,2025,Wind_Onshore,0.064574063029489
Below2,TWN,2030,Wind_Onshore,0.0645217505073551
Below2,TWN,2035,Wind_Onshore,0.0641729827431589
Below2,TWN,2040,Wind_Onshore,0.064494015967545
Below2,TWN,2045,Wind_Onshore,0.0654452745941545
Below2,TWN,2050,Wind_Onshore,0.066265916703896
Below2,USA,2025,Wind_Onshore,0.0667890562695027
Below2,USA,2030,Wind_Onshore,0.0667572602725623
Below2,USA,2035,Wind_Onshore,0.0667705357568633
Below2,USA,2040,Wind_Onshore,0.066931298855903
Below2,USA,2045,Wind_Onshore,0.0674287592694991
Below2,USA,2050,Wind_Onshore,0.0671910809778496
Below2,VNM,2025,Wind_Onshore,0.0666183903097939
Below2,VNM,2030,Wind_Onshore,0.0671670304909519
Below2,VNM,2035,Wind_Onshore,0.0639414458407216
Below2,VNM,2040,Wind_Onshore,0.0639735971961764
Below2,VNM,2045,Wind_Onshore,0.065001034664089
Below2,VNM,2050,Wind_Onshore,0.0652003203528953
Below2,ZAF,2025,Wind_Onshore,0.1151489090284317
Below2,ZAF,2030,Wind_Onshore,0.1098224606285241
Below2,ZAF,2035,Wind_Onshore,0.1094228287708477
Below2,ZAF,2040,Wind_Onshore,0.1094746742982482
Below2,ZAF,2045,Wind_Onshore,0.1096153729063576
Below2,ZAF,2050,Wind_Onshore,0.1092969664863272
Below2,ARG,2025,Solar_PV,0.3642199799406191
Below2,ARG,2030,Solar_PV,0.0863152268086829
Below2,ARG,2035,Solar_PV,0.0814954406557545
Below2,ARG,2040,Solar_PV,0.0867131193948109
Below2,ARG,2045,Solar_PV,0.0889311428639059
Below2,ARG,2050,Solar_PV,0.0898544430913352
Below2,AUS,2025,Solar_PV,0.0887578609674093
Below2,AUS,2030,Solar_PV,0.0885719591054125
Below2,AUS,2035,Solar_PV,0.0882877226335194
Below2,AUS,2040,Solar_PV,0.0879986601207781
Below2,AUS,2045,Solar_PV,0.088099074335896
Below2,AUS,2050,Solar_PV,0.0882254980931347
Below2,AUT,2025,Solar_PV,0.0900705817985429
Below2,AUT,2030,Solar_PV,0.0900791048230007
Below2,AUT,2035,Solar_PV,0.0909964143473585
Below2,AUT,2040,Solar_PV,0.0906471014508033
Below2,AUT,2045,Solar_PV,0.0909772731085792
Below2,AUT,2050,Solar_PV,0.0909930035450228
Below2,BEL,2025,Solar_PV,0.0888599869437299
Below2,BEL,2030,Solar_PV,0.0886985698166059
Below2,BEL,2035,Solar_PV,0.0891617888223255
Below2,BEL,2040,Solar_PV,0.0895748313341558
Below2,BEL,2045,Solar_PV,0.0899343006188353
Below2,BEL,2050,Solar_PV,0.0899349019671403
Below2,BGR,2025,Solar_PV,0.0875905015218468
Below2,BGR,2030,Solar_PV,0.0842843090956175
Below2,BGR,2035,Solar_PV,0.0848497419661396
Below2,BGR,2040,Solar_PV,0.085294923384539
Below2,BGR,2045,Solar_PV,0.0864134247438149
Below2,BGR,2050,Solar_PV,0.086458972172093
Below2,BRA,2025,Solar_PV,0.0935073241714095
Below2,BRA,2030,Solar_PV,0.0937581382238769
Below2,BRA,2035,Solar_PV,0.0942556484059105
Below2,BRA,2040,Solar_PV,0.0949279727709963
Below2,BRA,2045,Solar_PV,0.0963795366280937
Below2,BRA,2050,Solar_PV,0.0967616239189442
Below2,CAN,2025,Solar_PV,0.0914245937333351
Below2,CAN,2030,Solar_PV,0.0899330007677993
Below2,CAN,2035,Solar_PV,0.088685708053494
Below2,CAN,2040,Solar_PV,0.0886425059593518
Below2,CAN,2045,Solar_PV,0.0893164506069614
Below2,CAN,2050,Solar_PV,0.0893948714206426
Below2,CHE,2025,Solar_PV,0.0818328010979393
Below2,CHE,2030,Solar_PV,0.0811085065750379
Below2,CHE,2035,Solar_PV,0.0811835504226332
Below2,CHE,2040,Solar_PV,0.0819177848981053
Below2,CHE,2045,Solar_PV,0.082841688417061
Below2,CHE,2050,Solar_PV,0.0830821539551187
Below2,CHL,2025,Solar_PV,0.0936249339369308
Below2,CHL,2030,Solar_PV,0.0882034981813924
Below2,CHL,2035,Solar_PV,0.0868189578800007
Below2,CHL,2040,Solar_PV,0.088038721449957
Below2,CHL,2045,Solar_PV,0.0897707496693754
Below2,CHL,2050,Solar_PV,0.0896454786905285
Below2,CHN,2025,Solar_PV,0.0898592943791748
Below2,CHN,2030,Solar_PV,0.0887192319672044
Below2,CHN,2035,Solar_PV,0.0881602743116985
Below2,CHN,2040,Solar_PV,0.0881827187251508
Below2,CHN,2045,Solar_PV,0.0881324050703261
Below2,CHN,2050,Solar_PV,0.0884697254380303
Below2,CZE,2025,Solar_PV,0.0866306247262857
Below2,CZE,2030,Solar_PV,0.0879991971297568
Below2,CZE,2035,Solar_PV,0.0867746983248041
Below2,CZE,2040,Solar_PV,0.0870571808201146
Below2,CZE,2045,Solar_PV,0.087896880911757
Below2,CZE,2050,Solar_PV,0.087483563344822
Below2,DEU,2025,Solar_PV,0.0862160860812661
Below2,DEU,2030,Solar_PV,0.0856530334449647
Below2,DEU,2035,Solar_PV,0.0854918907940997
Below2,DEU,2040,Solar_PV,0.085233282009026
Below2,DEU,2045,Solar_PV,0.0853740962162121
Below2,DEU,2050,Solar_PV,0.0856761853801511
Below2,DNK,2025,Solar_PV,0.0891267576914588
Below2,DNK,2030,Solar_PV,0.0901535916477388
Below2,DNK,2035,Solar_PV,0.0904211881686201
Below2,DNK,2040,Solar_PV,0.0904876081045876
Below2,DNK,2045,Solar_PV,0.0906915536854331
Below2,DNK,2050,Solar_PV,0.0905849359868578
Below2,EGY,2025,Solar_PV,0.1442699429535662
Below2,EGY,2030,Solar_PV,0.0865392603681209
Below2,EGY,2035,Solar_PV,0.0844370133025673
Below2,EGY,2040,Solar_PV,0.0866151373190297
Below2,EGY,2045,Solar_PV,0.0884303128999186
Below2,EGY,2050,Solar_PV,0.0894294834857402
Below2,ESP,2025,Solar_PV,0.1000125570827895
Below2,ESP,2030,Solar_PV,0.0988366391648732
Below2,ESP,2035,Solar_PV,0.0994964897007349
Below2,ESP,2040,Solar_PV,0.0998774221706364
Below2,ESP,2045,Solar_PV,0.1002168727842047
Below2,ESP,2050,Solar_PV,0.0999993261528772
Below2,EST,2025,Solar_PV,0.0904911414247818
Below2,EST,2030,Solar_PV,0.0861266311759574
Below2,EST,2035,Solar_PV,0.086867928549026
Below2,EST,2040,Solar_PV,0.0882727187387484
Below2,EST,2045,Solar_PV,0.0888430357732794
Below2,EST,2050,Solar_PV,0.0890162124963323
Below2,FIN,2025,Solar_PV,0.0925653945625799
Below2,FIN,2030,Solar_PV,0.0916669840282882
Below2,FIN,2035,Solar_PV,0.0912650350391674
Below2,FIN,2040,Solar_PV,0.0913374556929943
Below2,FIN,2045,Solar_PV,0.0919970088811102
Below2,FIN,2050,Solar_PV,0.0921818895528012
Below2,FRA,2025,Solar_PV,0.0922308953166322
Below2,FRA,2030,Solar_PV,0.0917158147756343
Below2,FRA,2035,Solar_PV,0.0921426044730503
Below2,FRA,2040,Solar_PV,0.0925293472738096
Below2,FRA,2045,Solar_PV,0.0927452315472537
Below2,FRA,2050,Solar_PV,0.0928921540277256
Below2,GBR,2025,Solar_PV,0.0895507902466867
Below2,GBR,2030,Solar_PV,0.0871647157908281
Below2,GBR,2035,Solar_PV,0.0866592218186233
Below2,GBR,2040,Solar_PV,0.0859301348435139
Below2,GBR,2045,Solar_PV,0.0858621731858985
Below2,GBR,2050,Solar_PV,0.0855733041279072
Below2,GRC,2025,Solar_PV,0.0950849517315209
Below2,GRC,2030,Solar_PV,0.0976023923791415
Below2,GRC,2035,Solar_PV,0.098999704325255
Below2,GRC,2040,Solar_PV,0.0993297434862074
Below2,GRC,2045,Solar_PV,0.0999089968126309
Below2,GRC,2050,Solar_PV,0.0997604812714289
Below2,HKG,2025,Solar_PV,0.0871552793250882
Below2,HKG,2030,Solar_PV,0.0855769116387455
Below2,HKG,2035,Solar_PV,0.0857348516370748
Below2,HKG,2040,Solar_PV,0.0853816410116743
Below2,HKG,2045,Solar_PV,0.0848414007930269
Below2,HKG,2050,Solar_PV,0.0845468518738839
Below2,HRV,2025,Solar_PV,0.0891402184138543
Below2,HRV,2030,Solar_PV,0.0873354010078591
Below2,HRV,2035,Solar_PV,0.0889585412355646
Below2,HRV,2040,Solar_PV,0.0889034013812332
Below2,HRV,2045,Solar_PV,0.0896645731189954
Below2,HRV,2050,Solar_PV,0.0902346949916221
Below2,HUN,2025,Solar_PV,0.0919706889709838
Below2,HUN,2030,Solar_PV,0.0898008852364318
Below2,HUN,2035,Solar_PV,0.0866171105762724
Below2,HUN,2040,Solar_PV,0.0863975875213067
Below2,HUN,2045,Solar_PV,0.0873409030049272
Below2,HUN,2050,Solar_PV,0.0866675451775182
Below2,IDN,2025,Solar_PV,0.0895883357701168
Below2,IDN,2030,Solar_PV,0.0891625914447585
Below2,IDN,2035,Solar_PV,0.0875026220249185
Below2,IDN,2040,Solar_PV,0.0878949933083066
Below2,IDN,2045,Solar_PV,0.0891264092969415
Below2,IDN,2050,Solar_PV,0.089357387166339
Below2,IND,2025,Solar_PV,0.0983960475096908
Below2,IND,2030,Solar_PV,0.0906634509599026
Below2,IND,2035,Solar_PV,0.089841599653146
Below2,IND,2040,Solar_PV,0.0909239711156869
Below2,IND,2045,Solar_PV,0.0923012251637303
Below2,IND,2050,Solar_PV,0.0927467601785091
Below2,IRL,2025,Solar_PV,0.0893671934869827
Below2,IRL,2030,Solar_PV,0.0891034490058349
Below2,IRL,2035,Solar_PV,0.0867855270896342
Below2,IRL,2040,Solar_PV,0.0860948842714202
Below2,IRL,2045,Solar_PV,0.0863167327145247
Below2,IRL,2050,Solar_PV,0.0857638713965028
Below2,ITA,2025,Solar_PV,0.0920126581024196
Below2,ITA,2030,Solar_PV,0.0940385688764051
Below2,ITA,2035,Solar_PV,0.0952909208157512
Below2,ITA,2040,Solar_PV,0.0964536671623114
Below2,ITA,2045,Solar_PV,0.0977107011868845
Below2,ITA,2050,Solar_PV,0.0987787184202525
Below2,JPN,2025,Solar_PV,0.0822091694378951
Below2,JPN,2030,Solar_PV,0.0823985229093969
Below2,JPN,2035,Solar_PV,0.0833213429503588
Below2,JPN,2040,Solar_PV,0.0845973477838073
Below2,JPN,2045,Solar_PV,0.0855205729515807
Below2,JPN,2050,Solar_PV,0.0854894164552664
Below2,KOR,2025,Solar_PV,0.0850041259736429
Below2,KOR,2030,Solar_PV,0.0841367439609828
Below2,KOR,2035,Solar_PV,0.0820577173057254
Below2,KOR,2040,Solar_PV,0.0831734688488076
Below2,KOR,2045,Solar_PV,0.0847162544783668
Below2,KOR,2050,Solar_PV,0.0853552735518984
Below2,LTU,2025,Solar_PV,0.090024926174814
Below2,LTU,2030,Solar_PV,0.0881621130824498
Below2,LTU,2035,Solar_PV,0.087470373305122
Below2,LTU,2040,Solar_PV,0.0886624112837022
Below2,LTU,2045,Solar_PV,0.0896508770894108
Below2,LTU,2050,Solar_PV,0.0899054798664326
Below2,LVA,2025,Solar_PV,0.0892077731744597
Below2,LVA,2030,Solar_PV,0.0883965052757747
Below2,LVA,2035,Solar_PV,0.0886797686008579
Below2,LVA,2040,Solar_PV,0.0894744792276582
Below2,LVA,2045,Solar_PV,0.0903250708024545
Below2,LVA,2050,Solar_PV,0.0907767106472012
Below2,MEX,2025,Solar_PV,0.0863058932456406
Below2,MEX,2030,Solar_PV,0.0828279911044989
Below2,MEX,2035,Solar_PV,0.0827903119560269
Below2,MEX,2040,Solar_PV,0.0840097160343921
Below2,MEX,2045,Solar_PV,0.0853733865827858
Below2,MEX,2050,Solar_PV,0.0858149610279877
Below2,MYS,2025,Solar_PV,0.0856889370674805
Below2,MYS,2030,Solar_PV,0.0852345316775634
Below2,MYS,2035,Solar_PV,0.0856140091432301
Below2,MYS,2040,Solar_PV,0.0852150156863774
Below2,MYS,2045,Solar_PV,0.0852282163341752
Below2,MYS,2050,Solar_PV,0.0855101320614993
Below2,NLD,2025,Solar_PV,0.0857022314344864
Below2,NLD,2030,Solar_PV,0.0885661072507317
Below2,NLD,2035,Solar_PV,0.0902114007144856
Below2,NLD,2040,Solar_PV,0.0906883686016918
Below2,NLD,2045,Solar_PV,0.0910062202192838
Below2,NLD,2050,Solar_PV,0.0911483383956741
Below2,NOR,2025,Solar_PV,0.0872360741908182
Below2,NOR,2030,Solar_PV,0.0848440523473907
Below2,NOR,2035,Solar_PV,0.0831769155177133
Below2,NOR,2040,Solar_PV,0.0834099590688695
Below2,NOR,2045,Solar_PV,0.084582890047701
Below2,NOR,2050,Solar_PV,0.0853795514300033
Below2,NZL,2025,Solar_PV,0.0882845831807565
Below2,NZL,2030,Solar_PV,0.0828425832243146
Below2,NZL,2035,Solar_PV,0.0819416029958066
Below2,NZL,2040,Solar_PV,0.0825970635586878
Below2,NZL,2045,Solar_PV,0.0839333866650628
Below2,NZL,2050,Solar_PV,0.084234289794464
Below2,POL,2025,Solar_PV,0.0893690896170399
Below2,POL,2030,Solar_PV,0.0857122818827853
Below2,POL,2035,Solar_PV,0.0816210972462165
Below2,POL,2040,Solar_PV,0.0818461730038971
Below2,POL,2045,Solar_PV,0.0839280875847724
Below2,POL,2050,Solar_PV,0.08552329536168
Below2,PRT,2025,Solar_PV,0.0910325641202729
Below2,PRT,2030,Solar_PV,0.0917030836117756
Below2,PRT,2035,Solar_PV,0.0931623014938353
Below2,PRT,2040,Solar_PV,0.093815514817844
Below2,PRT,2045,Solar_PV,0.0940749913515043
Below2,PRT,2050,Solar_PV,0.0941223584559154
Below2,ROU,2025,Solar_PV,0.0883863394324461
Below2,ROU,2030,Solar_PV,0.0847993985827991
Below2,ROU,2035,Solar_PV,0.0847617927710309
Below2,ROU,2040,Solar_PV,0.084471543206979
Below2,ROU,2045,Solar_PV,0.0849655231946187
Below2,ROU,2050,Solar_PV,0.0853256324635026
Below2,RUS,2025,Solar_PV,0.0933817205715161
Below2,RUS,2030,Solar_PV,0.0848070746302882
Below2,RUS,2035,Solar_PV,0.0841523082929151
Below2,RUS,2040,Solar_PV,0.0842023208884707
Below2,RUS,2045,Solar_PV,0.0853159619529479
Below2,RUS,2050,Solar_PV,0.085952751817888
Below2,SGP,2025,Solar_PV,0.0838684301843781
Below2,SGP,2030,Solar_PV,0.0824964460493154
Below2,SGP,2035,Solar_PV,0.0836436957005816
Below2,SGP,2040,Solar_PV,0.0840829327479334
Below2,SGP,2045,Solar_PV,0.0853745791457651
Below2,SGP,2050,Solar_PV,0.084636922690359
Below2,SVK,2025,Solar_PV,0.090381583077409
Below2,SVK,2030,Solar_PV,0.0888852430811569
Below2,SVK,2035,Solar_PV,0.0886291183063636
Below2,SVK,2040,Solar_PV,0.0878405734521627
Below2,SVK,2045,Solar_PV,0.0876048323410567
Below2,SVK,2050,Solar_PV,0.0874514026537322
Below2,SVN,2025,Solar_PV,0.0851361846341273
Below2,SVN,2030,Solar_PV,0.0860199359599445
Below2,SVN,2035,Solar_PV,0.0851821489699284
Below2,SVN,2040,Solar_PV,0.0857580268288333
Below2,SVN,2045,Solar_PV,0.0866953790117188
Below2,SVN,2050,Solar_PV,0.0866012045699383
Below2,SWE,2025,Solar_PV,0.0944168246332506
Below2,SWE,2030,Solar_PV,0.0917782178856626
Below2,SWE,2035,Solar_PV,0.0914243708233675
Below2,SWE,2040,Solar_PV,0.0912325396260019
Below2,SWE,2045,Solar_PV,0.0911091676753663
Below2,SWE,2050,Solar_PV,0.0910206908721616
Below2,TWN,2025,Solar_PV,0.084574063029489
Below2,TWN,2030,Solar_PV,0.0845217505073551
Below2,TWN,2035,Solar_PV,0.0841729827431589
Below2,TWN,2040,Solar_PV,0.084494015967545
Below2,TWN,2045,Solar_PV,0.0854452745941545
Below2,TWN,2050,Solar_PV,0.086265916703896
Below2,USA,2025,Solar_PV,0.0867890562695027
Below2,USA,2030,Solar_PV,0.0867572602725623
Below2,USA,2035,Solar_PV,0.0867705357568633
Below2,USA,2040,Solar_PV,0.086931298855903
Below2,USA,2045,Solar_PV,0.0874287592694991
Below2,USA,2050,Solar_PV,0.0871910809778496
Below2,VNM,2025,Solar_PV,0.0866183903097939
Below2,VNM,2030,Solar_PV,0.0871670304909519
Below2,VNM,2035,Solar_PV,0.0839414458407216
Below2,VNM,2040,Solar_PV,0.0839735971961764
Below2,VNM,2045,Solar_PV,0.085001034664089
Below2,VNM,2050,Solar_PV,0.0852003203528953
Below2,ZAF,2025,Solar_PV,0.1351489090284316
Below2,ZAF,2030,Solar_PV,0.1298224606285241
Below2,ZAF,2035,Solar_PV,0.1294228287708477
Below2,ZAF,2040,Solar_PV,0.1294746742982482
Below2,ZAF,2045,Solar_PV,0.1296153729063576
Below2,ZAF,2050,Solar_PV,0.1292969664863272
Below2,ARG,2025,Wind_Offshore,0.3518199799406191
Below2,ARG,2030,Wind_Offshore,0.0739152268086828
Below2,ARG,2035,Wind_Offshore,0.0690954406557545
Below2,ARG,2040,Wind_Offshore,0.0743131193948109
Below2,ARG,2045,Wind_Offshore,0.0765311428639059
Below2,ARG,2050,Wind_Offshore,0.0774544430913352
Below2,AUS,2025,Wind_Offshore,0.0763578609674093
Below2,AUS,2030,Wind_Offshore,0.0761719591054125
Below2,AUS,2035,Wind_Offshore,0.0758877226335194
Below2,AUS,2040,Wind_Offshore,0.0755986601207781
Below2,AUS,2045,Wind_Offshore,0.075699074335896
Below2,AUS,2050,Wind_Offshore,0.0758254980931347
Below2,AUT,2025,Wind_Offshore,0.0776705817985429
Below2,AUT,2030,Wind_Offshore,0.0776791048230007
Below2,AUT,2035,Wind_Offshore,0.0785964143473585
Below2,AUT,2040,Wind_Offshore,0.0782471014508033
Below2,AUT,2045,Wind_Offshore,0.0785772731085791
Below2,AUT,2050,Wind_Offshore,0.0785930035450228
Below2,BEL,2025,Wind_Offshore,0.0764599869437299
Below2,BEL,2030,Wind_Offshore,0.0762985698166059
Below2,BEL,2035,Wind_Offshore,0.0767617888223255
Below2,BEL,2040,Wind_Offshore,0.0771748313341558
Below2,BEL,2045,Wind_Offshore,0.0775343006188353
Below2,BEL,2050,Wind_Offshore,0.0775349019671403
Below2,BGR,2025,Wind_Offshore,0.0751905015218468
Below2,BGR,2030,Wind_Offshore,0.0718843090956175
Below2,BGR,2035,Wind_Offshore,0.0724497419661396
Below2,BGR,2040,Wind_Offshore,0.072894923384539
Below2,BGR,2045,Wind_Offshore,0.0740134247438149
Below2,BGR,2050,Wind_Offshore,0.074058972172093
Below2,BRA,2025,Wind_Offshore,0.0811073241714095
Below2,BRA,2030,Wind_Offshore,0.0813581382238769
Below2,BRA,2035,Wind_Offshore,0.0818556484059105
Below2,BRA,2040,Wind_Offshore,0.0825279727709963
Below2,BRA,2045,Wind_Offshore,0.0839795366280937
Below2,BRA,2050,Wind_Offshore,0.0843616239189442
Below2,CAN,2025,Wind_Offshore,0.079024593733335
Below2,CAN,2030,Wind_Offshore,0.0775330007677992
Below2,CAN,2035,Wind_Offshore,0.076285708053494
Below2,CAN,2040,Wind_Offshore,0.0762425059593518
Below2,CAN,2045,Wind_Offshore,0.0769164506069614
Below2,CAN,2050,Wind_Offshore,0.0769948714206426
Below2,CHE,2025,Wind_Offshore,0.0694328010979393
Below2,CHE,2030,Wind_Offshore,0.0687085065750379
Below2,CHE,2035,Wind_Offshore,0.0687835504226332
Below2,CHE,2040,Wind_Offshore,0.0695177848981053
Below2,CHE,2045,Wind_Offshore,0.070441688417061
Below2,CHE,2050,Wind_Offshore,0.0706821539551187
Below2,CHL,2025,Wind_Offshore,0.0812249339369308
Below2,CHL,2030,Wind_Offshore,0.0758034981813924
Below2,CHL,2035,Wind_Offshore,0.0744189578800007
Below2,CHL,2040,Wind_Offshore,0.075638721449957
Below2,CHL,2045,Wind_Offshore,0.0773707496693753
Below2,CHL,2050,Wind_Offshore,0.0772454786905284
Below2,CHN,2025,Wind_Offshore,0.0774592943791748
Below2,CHN,2030,Wind_Offshore,0.0763192319672044
Below2,CHN,2035,Wind_Offshore,0.0757602743116985
Below2,CHN,2040,Wind_Offshore,0.0757827187251508
Below2,CHN,2045,Wind_Offshore,0.0757324050703261
Below2,CHN,2050,Wind_Offshore,0.0760697254380303
Below2,CZE,2025,Wind_Offshore,0.0742306247262857
Below2,CZE,2030,Wind_Offshore,0.0755991971297568
Below2,CZE,2035,Wind_Offshore,0.0743746983248041
Below2,CZE,2040,Wind_Offshore,0.0746571808201146
Below2,CZE,2045,Wind_Offshore,0.075496880911757
Below2,CZE,2050,Wind_Offshore,0.075083563344822
Below2,DEU,2025,Wind_Offshore,0.0738160860812661
Below2,DEU,2030,Wind_Offshore,0.0732530334449647
Below2,DEU,2035,Wind_Offshore,0.0730918907940997
Below2,DEU,2040,Wind_Offshore,0.072833282009026
Below2,DEU,2045,Wind_Offshore,0.0729740962162121
Below2,DEU,2050,Wind_Offshore,0.0732761853801511
Below2,DNK,2025,Wind_Offshore,0.0767267576914588
Below2,DNK,2030,Wind_Offshore,0.0777535916477388
Below2,DNK,2035,Wind_Offshore,0.0780211881686201
Below2,DNK,2040,Wind_Offshore,0.0780876081045876
Below2,DNK,2045,Wind_Offshore,0.0782915536854331
Below2,DNK,2050,Wind_Offshore,0.0781849359868578
Below2,EGY,2025,Wind_Offshore,0.1318699429535662
Below2,EGY,2030,Wind_Offshore,0.0741392603681209
Below2,EGY,2035,Wind_Offshore,0.0720370133025673
Below2,EGY,2040,Wind_Offshore,0.0742151373190297
Below2,EGY,2045,Wind_Offshore,0.0760303128999186
Below2,EGY,2050,Wind_Offshore,0.0770294834857402
Below2,ESP,2025,Wind_Offshore,0.0876125570827895
Below2,ESP,2030,Wind_Offshore,0.0864366391648732
Below2,ESP,2035,Wind_Offshore,0.0870964897007349
Below2,ESP,2040,Wind_Offshore,0.0874774221706364
Below2,ESP,2045,Wind_Offshore,0.0878168727842047
Below2,ESP,2050,Wind_Offshore,0.0875993261528772
Below2,EST,2025,Wind_Offshore,0.0780911414247818
Below2,EST,2030,Wind_Offshore,0.0737266311759574
Below2,EST,2035,Wind_Offshore,0.074467928549026
Below2,EST,2040,Wind_Offshore,0.0758727187387484
Below2,EST,2045,Wind_Offshore,0.0764430357732794
Below2,EST,2050,Wind_Offshore,0.0766162124963323
Below2,FIN,2025,Wind_Offshore,0.0801653945625799
Below2,FIN,2030,Wind_Offshore,0.0792669840282882
Below2,FIN,2035,Wind_Offshore,0.0788650350391674
Below2,FIN,2040,Wind_Offshore,0.0789374556929943
Below2,FIN,2045,Wind_Offshore,0.0795970088811102
Below2,FIN,2050,Wind_Offshore,0.0797818895528012
Below2,FRA,2025,Wind_Offshore,0.0798308953166322
Below2,FRA,2030,Wind_Offshore,0.0793158147756343
Below2,FRA,2035,Wind_Offshore,0.0797426044730503
Below2,FRA,2040,Wind_Offshore,0.0801293472738096
Below2,FRA,2045,Wind_Offshore,0.0803452315472537
Below2,FRA,2050,Wind_Offshore,0.0804921540277256
Below2,GBR,2025,Wind_Offshore,0.0771507902466867
Below2,GBR,2030,Wind_Offshore,0.0747647157908281
Below2,GBR,2035,Wind_Offshore,0.0742592218186233
Below2,GBR,2040,Wind_Offshore,0.0735301348435139
Below2,GBR,2045,Wind_Offshore,0.0734621731858985
Below2,GBR,2050,Wind_Offshore,0.0731733041279072
Below2,GRC,2025,Wind_Offshore,0.0826849517315209
Below2,GRC,2030,Wind_Offshore,0.0852023923791415
Below2,GRC,2035,Wind_Offshore,0.086599704325255
Below2,GRC,2040,Wind_Offshore,0.0869297434862074
Below2,GRC,2045,Wind_Offshore,0.0875089968126309
Below2,GRC,2050,Wind_Offshore,0.0873604812714289
Below2,HKG,2025,Wind_Offshore,0.0747552793250882
Below2,HKG,2030,Wind_Offshore,0.0731769116387455
Below2,HKG,2035,Wind_Offshore,0.0733348516370748
Below2,HKG,2040,Wind_Offshore,0.0729816410116743
Below2,HKG,2045,Wind_Offshore,0.0724414007930269
Below2,HKG,2050,Wind_Offshore,0.0721468518738839
Below2,HRV,2025,Wind_Offshore,0.0767402184138543
Below2,HRV,2030,Wind_Offshore,0.0749354010078591
Below2,HRV,2035,Wind_Offshore,0.0765585412355646
Below2,HRV,2040,Wind_Offshore,0.0765034013812332
Below2,HRV,2045,Wind_Offshore,0.0772645731189954
Below2,HRV,2050,Wind_Offshore,0.0778346949916221
Below2,HUN,2025,Wind_Offshore,0.0795706889709838
Below2,HUN,2030,Wind_Offshore,0.0774008852364318
Below2,HUN,2035,Wind_Offshore,0.0742171105762724
Below2,HUN,2040,Wind_Offshore,0.0739975875213067
Below2,HUN,2045,Wind_Offshore,0.0749409030049272
Below2,HUN,2050,Wind_Offshore,0.0742675451775182
Below2,IDN,2025,Wind_Offshore,0.0771883357701168
Below2,IDN,2030,Wind_Offshore,0.0767625914447585
Below2,IDN,2035,Wind_Offshore,0.0751026220249185
Below2,IDN,2040,Wind_Offshore,0.0754949933083066
Below2,IDN,2045,Wind_Offshore,0.0767264092969415
Below2,IDN,2050,Wind_Offshore,0.076957387166339
Below2,IND,2025,Wind_Offshore,0.0859960475096908
Below2,IND,2030,Wind_Offshore,0.0782634509599026
Below2,IND,2035,Wind_Offshore,0.077441599653146
Below2,IND,2040,Wind_Offshore,0.0785239711156869
Below2,IND,2045,Wind_Offshore,0.0799012251637303
Below2,IND,2050,Wind_Offshore,0.0803467601785091
Below2,IRL,2025,Wind_Offshore,0.0769671934869827
Below2,IRL,2030,Wind_Offshore,0.0767034490058349
Below2,IRL,2035,Wind_Offshore,0.0743855270896342
Below2,IRL,2040,Wind_Offshore,0.0736948842714202
Below2,IRL,2045,Wind_Offshore,0.0739167327145247
Below2,IRL,2050,Wind_Offshore,0.0733638713965028
Below2,ITA,2025,Wind_Offshore,0.0796126581024196
Below2,ITA,2030,Wind_Offshore,0.0816385688764051
Below2,ITA,2035,Wind_Offshore,0.0828909208157512
Below2,ITA,2040,Wind_Offshore,0.0840536671623114
Below2,ITA,2045,Wind_Offshore,0.0853107011868845
Below2,ITA,2050,Wind_Offshore,0.0863787184202525
Below2,JPN,2025,Wind_Offshore,0.0698091694378951
Below2,JPN,2030,Wind_Offshore,0.0699985229093969
Below2,JPN,2035,Wind_Offshore,0.0709213429503588
Below2,JPN,2040,Wind_Offshore,0.0721973477838072
Below2,JPN,2045,Wind_Offshore,0.0731205729515807
Below2,JPN,2050,Wind_Offshore,0.0730894164552664
Below2,KOR,2025,Wind_Offshore,0.0726041259736429
Below2,KOR,2030,Wind_Offshore,0.0717367439609828
Below2,KOR,2035,Wind_Offshore,0.0696577173057254
Below2,KOR,2040,Wind_Offshore,0.0707734688488076
Below2,KOR,2045,Wind_Offshore,0.0723162544783668
Below2,KOR,2050,Wind_Offshore,0.0729552735518983
Below2,LTU,2025,Wind_Offshore,0.077624926174814
Below2,LTU,2030,Wind_Offshore,0.0757621130824498
Below2,LTU,2035,Wind_Offshore,0.075070373305122
Below2,LTU,2040,Wind_Offshore,0.0762624112837022
Below2,LTU,2045,Wind_Offshore,0.0772508770894108
Below2,LTU,2050,Wind_Offshore,0.0775054798664326
Below2,LVA,2025,Wind_Offshore,0.0768077731744597
Below2,LVA,2030,Wind_Offshore,0.0759965052757747
Below2,LVA,2035,Wind_Offshore,0.0762797686008579
Below2,LVA,2040,Wind_Offshore,0.0770744792276582
Below2,LVA,2045,Wind_Offshore,0.0779250708024545
Below2,LVA,2050,Wind_Offshore,0.0783767106472012
Below2,MEX,2025,Wind_Offshore,0.0739058932456406
Below2,MEX,2030,Wind_Offshore,0.0704279911044989
Below2,MEX,2035,Wind_Offshore,0.0703903119560269
Below2,MEX,2040,Wind_Offshore,0.0716097160343921
Below2,MEX,2045,Wind_Offshore,0.0729733865827858
Below2,MEX,2050,Wind_Offshore,0.0734149610279877
Below2,MYS,2025,Wind_Offshore,0.0732889370674805
Below2,MYS,2030,Wind_Offshore,0.0728345316775634
Below2,MYS,2035,Wind_Offshore,0.0732140091432301
Below2,MYS,2040,Wind_Offshore,0.0728150156863774
Below2,MYS,2045,Wind_Offshore,0.0728282163341752
Below2,MYS,2050,Wind_Offshore,0.0731101320614993
Below2,NLD,2025,Wind_Offshore,0.0733022314344864
Below2,NLD,2030,Wind_Offshore,0.0761661072507317
Below2,NLD,2035,Wind_Offshore,0.0778114007144856
Below2,NLD,2040,Wind_Offshore,0.0782883686016918
Below2,NLD,2045,Wind_Offshore,0.0786062202192838
Below2,NLD,2050,Wind_Offshore,0.0787483383956741
Below2,NOR,2025,Wind_Offshore,0.0748360741908182
Below2,NOR,2030,Wind_Offshore,0.0724440523473907
Below2,NOR,2035,Wind_Offshore,0.0707769155177133
Below2,NOR,2040,Wind_Offshore,0.0710099590688695
Below2,NOR,2045,Wind_Offshore,0.072182890047701
Below2,NOR,2050,Wind_Offshore,0.0729795514300033
Below2,NZL,2025,Wind_Offshore,0.0758845831807565
Below2,NZL,2030,Wind_Offshore,0.0704425832243146
Below2,NZL,2035,Wind_Offshore,0.0695416029958066
Below2,NZL,2040,Wind_Offshore,0.0701970635586878
Below2,NZL,2045,Wind_Offshore,0.0715333866650628
Below2,NZL,2050,Wind_Offshore,0.071834289794464
Below2,POL,2025,Wind_Offshore,0.0769690896170399
Below2,POL,2030,Wind_Offshore,0.0733122818827853
Below2,POL,2035,Wind_Offshore,0.0692210972462165
Below2,POL,2040,Wind_Offshore,0.0694461730038971
Below2,POL,2045,Wind_Offshore,0.0715280875847723
Below2,POL,2050,Wind_Offshore,0.07312329536168
Below2,PRT,2025,Wind_Offshore,0.0786325641202729
Below2,PRT,2030,Wind_Offshore,0.0793030836117756
Below2,PRT,2035,Wind_Offshore,0.0807623014938353
Below2,PRT,2040,Wind_Offshore,0.081415514817844
Below2,PRT,2045,Wind_Offshore,0.0816749913515043
Below2,PRT,2050,Wind_Offshore,0.0817223584559154
Below2,ROU,2025,Wind_Offshore,0.0759863394324461
Below2,ROU,2030,Wind_Offshore,0.0723993985827991
Below2,ROU,2035,Wind_Offshore,0.0723617927710309
Below2,ROU,2040,Wind_Offshore,0.072071543206979
Below2,ROU,2045,Wind_Offshore,0.0725655231946187
Below2,ROU,2050,Wind_Offshore,0.0729256324635026
Below2,RUS,2025,Wind_Offshore,0.0809817205715161
Below2,RUS,2030,Wind_Offshore,0.0724070746302882
Below2,RUS,2035,Wind_Offshore,0.0717523082929151
Below2,RUS,2040,Wind_Offshore,0.0718023208884707
Below2,RUS,2045,Wind_Offshore,0.0729159619529479
Below2,RUS,2050,Wind_Offshore,0.073552751817888
Below2,SGP,2025,Wind_Offshore,0.0714684301843781
Below2,SGP,2030,Wind_Offshore,0.0700964460493154
Below2,SGP,2035,Wind_Offshore,0.0712436957005816
Below2,SGP,2040,Wind_Offshore,0.0716829327479334
Below2,SGP,2045,Wind_Offshore,0.0729745791457651
Below2,SGP,2050,Wind_Offshore,0.072236922690359
Below2,SVK,2025,Wind_Offshore,0.0779815830774089
Below2,SVK,2030,Wind_Offshore,0.0764852430811569
Below2,SVK,2035,Wind_Offshore,0.0762291183063636
Below2,SVK,2040,Wind_Offshore,0.0754405734521627
Below2,SVK,2045,Wind_Offshore,0.0752048323410567
Below2,SVK,2050,Wind_Offshore,0.0750514026537322
Below2,SVN,2025,Wind_Offshore,0.0727361846341273
Below2,SVN,2030,Wind_Offshore,0.0736199359599445
Below2,SVN,2035,Wind_Offshore,0.0727821489699284
Below2,SVN,2040,Wind_Offshore,0.0733580268288333
Below2,SVN,2045,Wind_Offshore,0.0742953790117188
Below2,SVN,2050,Wind_Offshore,0.0742012045699383
Below2,SWE,2025,Wind_Offshore,0.0820168246332506
Below2,SWE,2030,Wind_Offshore,0.0793782178856625
Below2,SWE,2035,Wind_Offshore,0.0790243708233675
Below2,SWE,2040,Wind_Offshore,0.0788325396260019
Below2,SWE,2045,Wind_Offshore,0.0787091676753663
Below2,SWE,2050,Wind_Offshore,0.0786206908721616
Below2,TWN,2025,Wind_Offshore,0.072174063029489
Below2,TWN,2030,Wind_Offshore,0.0721217505073551
Below2,TWN,2035,Wind_Offshore,0.0717729827431589
Below2,TWN,2040,Wind_Offshore,0.072094015967545
Below2,TWN,2045,Wind_Offshore,0.0730452745941545
Below2,TWN,2050,Wind_Offshore,0.073865916703896
Below2,USA,2025,Wind_Offshore,0.0743890562695027
Below2,USA,2030,Wind_Offshore,0.0743572602725623
Below2,USA,2035,Wind_Offshore,0.0743705357568633
Below2,USA,2040,Wind_Offshore,0.074531298855903
Below2,USA,2045,Wind_Offshore,0.0750287592694991
Below2,USA,2050,Wind_Offshore,0.0747910809778496
Below2,VNM,2025,Wind_Offshore,0.0742183903097939
Below2,VNM,2030,Wind_Offshore,0.0747670304909519
Below2,VNM,2035,Wind_Offshore,0.0715414458407216
Below2,VNM,2040,Wind_Offshore,0.0715735971961764
Below2,VNM,2045,Wind_Offshore,0.072601034664089
Below2,VNM,2050,Wind_Offshore,0.0728003203528953
Below2,ZAF,2025,Wind_Offshore,0.1227489090284316
Below2,ZAF,2030,Wind_Offshore,0.1174224606285241
Below2,ZAF,2035,Wind_Offshore,0.1170228287708477
Below2,ZAF,2040,Wind_Offshore,0.1170746742982482
Below2,ZAF,2045,Wind_Offshore,0.1172153729063576
Below2,ZAF,2050,Wind_Offshore,0.1168969664863272
