country,year,technology,wacc,ISO,inflation,gdp,unemployment,population,is_solar,is_wind_onshore,is_wind_offshore
Argentine Republic,2023,solar pv,0.4252549999999999,ARG,17.648461015196727,-0.6668334859064514,-0.33752868762790506,-0.28138594527525834,1,0,0
Argentine Republic,2020,wind onshore,0.093,ARG,4.929113376890814,-0.7447981194503598,0.6135902224969235,-0.28237116092203396,0,1,0
Commonwealth of Australia,2023,solar pv,0.05049,AUS,0.44783283777799415,1.7958555898401976,-0.7791323755118681,-0.33507647541116786,1,0,0
Commonwealth of Australia,2020,wind onshore,0.05459363,AUS,-0.16974124404667243,1.621160429816434,-0.2808761708091206,-0.33794792133061413,0,1,0
Commonwealth of Australia,2020,solar pv,0.0458333333333333,AUS,-0.16974124404667243,1.621160429816434,-0.2808761708091206,-0.33794792133061413,1,0,0
Republic of Austria,2014,wind onshore,0.065,AUT,-0.15355700257462873,0.8976022711327828,-0.420630959933062,-0.38658615986099976,0,1,0
Republic of Austria,2019,wind onshore,0.04385,AUT,-0.2247130955433389,1.0348694906076628,-0.6197189843372446,-0.3856375503862308,0,1,0
Republic of Austria,2018,wind onshore,0.0613666666666666,AUT,-0.1797555142014816,1.0045491963307518,-0.5530584519290218,-0.38574959564500105,0,1,0
Republic of Austria,2013,wind onshore,0.065,AUT,-0.19333871017341125,0.8982366825957079,-0.47549633111087536,-0.3867753704298405,0,1,0
Republic of Austria,2015,wind onshore,0.0625,AUT,-0.11539446707884479,0.901469289574004,-0.39775549572863184,-0.38631217381146304,0,1,0
Republic of Austria,2015,solar pv,0.04,AUT,-0.11539446707884479,0.901469289574004,-0.39775549572863184,-0.38631217381146304,1,0,0
Republic of Austria,2020,solar pv,0.0611,AUT,-0.07528212333647505,0.8768412337939242,-0.505162948750996,-0.3855324868049215,1,0,0
Republic of Tunisia,2023,solar pv,0.343475,TUN,0.7649479013379812,-1.1211307290970385,1.2650048086308956,-0.3761944804036355,1,0,0
People's Republic of Bangladesh,2023,solar pv,0.170225,BGD,0.49924176231242606,-1.2260750160874423,-0.6386627281315383,0.07673739138481633,1,0,0
Kingdom of Belgium,2014,wind onshore,0.055,BEL,-0.3092485069075315,0.7303076896007595,0.08852683317960919,-0.3790138097360562,0,1,0
Kingdom of Belgium,2019,wind onshore,0.0371666666666666,BEL,-0.17391408540899514,0.8554647764823622,-0.4760324748031667,-0.37821774778091194,0,1,0
Kingdom of Belgium,2019,wind offshore,0.03875,BEL,-0.17391408540899514,0.8554647764823622,-0.4760324748031667,-0.37821774778091194,0,0,1
Kingdom of Belgium,2013,wind onshore,0.055,BEL,-0.23288179567509115,0.7036809597206719,0.07101280589809242,-0.3791550074085337,0,1,0
Kingdom of Belgium,2015,wind onshore,0.054,BEL,-0.271679757203045,0.748525317094796,0.08119953605162754,-0.3788285635087146,0,1,0
Kingdom of Belgium,2012,wind onshore,0.029,BEL,-0.12699423489590217,0.7070518887021938,-0.08679215419965738,-0.37930423898684695,0,1,0
Kingdom of Belgium,2012,wind offshore,0.0675,BEL,-0.12699423489590217,0.7070518887021938,-0.08679215419965738,-0.37930423898684695,0,0,1
Kingdom of Belgium,2012,solar pv,0.038,BEL,-0.12699423489590217,0.7070518887021938,-0.08679215419965738,-0.37930423898684695,1,0,0
Plurinational State of Bolivia,2023,solar pv,0.212025,BOL,-0.4888738391120531,-1.1582084795923921,-0.8942245547904081,-0.3760701240728783,1,0,0
Republic of Zambia,2023,solar pv,0.37546,ZMB,0.5256060497432731,-1.2541445956744524,-0.3793478956266292,-0.35195473897196117,1,0,0
Federative Republic of Brazil,2023,solar pv,0.102636,BRA,0.200482158870518,-0.852871340867528,-0.014412755740327098,0.18956396953746232,1,0,0
Federative Republic of Brazil,2013,solar pv,0.048,BRA,0.580326748012685,-0.8473696712362565,-0.17096671388939702,0.1535537853701115,1,0,0
Federative Republic of Brazil,2014,solar pv,0.057,BRA,0.6259984472708636,-0.8488070996191899,-0.2274405161440843,0.15812338000599543,1,0,0
Federative Republic of Brazil,2015,solar pv,0.054,BRA,0.5885509031004362,-0.8691636740751487,0.09120755164106596,0.16264626992133363,1,0,0
Federative Republic of Brazil,2019,solar pv,0.1225,BRA,0.14245087216344518,-0.8775036016651667,0.6984796404430516,0.17908357585264725,1,0,0
Federative Republic of Brazil,2021,solar pv,0.13,BRA,1.3202021267100723,-0.8760969297133703,0.916868837769722,0.18504099430630996,1,0,0
Federative Republic of Brazil,2022,solar pv,0.1125,BRA,0.7225854265098722,-0.8643098288324331,0.2150567445603643,0.187191296930909,1,0,0
Federative Republic of Brazil,2022,wind offshore,0.11,BRA,0.7225854265098722,-0.8643098288324331,0.2150567445603643,0.187191296930909,0,0,1
Federative Republic of Brazil,2020,solar pv,0.07615,BRA,0.4425602166498201,-0.8945335877959611,1.0131959878180652,0.1825115169210041,1,0,0
Federative Republic of Brazil,2020,wind onshore,0.0681666666666666,BRA,0.4425602166498201,-0.8945335877959611,1.0131959878180652,0.1825115169210041,0,1,0
Republic of Bulgaria,2014,wind onshore,0.1,BGR,-0.2424536782679244,-0.9771604062700546,0.6069777836253303,-0.3903469321397977,0,1,0
Republic of Bulgaria,2019,wind onshore,0.055,BGR,0.2774359833015895,-0.9060865608293467,-0.6786947904892913,-0.3910527129003706,0,1,0
Republic of Bulgaria,2019,solar pv,0.055,BGR,0.2774359833015895,-0.9060865608293467,-0.6786947904892913,-0.3910527129003706,1,0,0
Republic of Bulgaria,2013,wind onshore,0.1,BGR,-0.4118252461997623,-0.9823324564005004,0.8780877773606489,-0.3902298304971068,0,1,0
Republic of Bulgaria,2015,wind onshore,0.0825,BGR,-0.027946046434215808,-0.9631817396369518,0.19932986291981863,-0.39047759899694423,0,1,0
Republic of Bulgaria,2015,solar pv,0.0825,BGR,-0.027946046434215808,-0.9631817396369518,0.19932986291981863,-0.39047759899694423,1,0,0
Republic of Bulgaria,2020,solar pv,0.0911,BGR,0.15803936990772297,-0.9170249384518888,-0.5187452556223764,-0.3911714326996706,1,0,0
Kingdom of Cambodia,2023,solar pv,0.20742,KHM,-0.2795210627889887,-1.216041370013613,-1.394446619698224,-0.36133972026053784,1,0,0
Kingdom of Cambodia,2016,solar pv,0.1,KHM,-0.2105114829375698,-1.2382192532400098,-1.306697768726542,-0.3658076440406566,1,0,0
Republic of South Africa,2011,solar pv,0.214,ZAF,0.3179583380018989,-1.014395628282502,2.9686907481686617,-0.26017983512579745,1,0,0
Republic of Chile,2023,solar pv,0.105031,CHL,0.4595146374505841,-0.6013684497684524,0.17609696958719398,-0.3549838200774181,1,0,0
Republic of Chile,2016,solar pv,0.041,CHL,0.18735528738885748,-0.6378866329954815,-0.24209511040004744,-0.358941376125496,1,0,0
Republic of Chile,2015,solar pv,0.043,CHL,0.23991011076399937,-0.6414896221814642,-0.3064323534750077,-0.3595658765098941,1,0,0
Republic of Chile,2020,solar pv,0.05746,CHL,0.8688117615642329,-0.6797023516429415,0.5194076472177455,-0.3558034519481614,1,0,0
Republic of Chile,2020,wind onshore,0.0631333333333333,CHL,0.8688117615642329,-0.6797023516429415,0.5194076472177455,-0.3558034519481614,0,1,0
People's Republic of China,2020,solar pv,0.03905,CHN,-0.35568863487015945,-0.7971836094946866,-0.5410845761345153,3.6020807093757115,1,0,0
People's Republic of China,2020,wind offshore,0.0278,CHN,-0.35568863487015945,-0.7971836094946866,-0.5410845761345153,3.6020807093757115,0,0,1
People's Republic of China,2020,wind onshore,0.03,CHN,-0.35568863487015945,-0.7971836094946866,-0.5410845761345153,3.6020807093757115,0,1,0
People's Republic of China,2016,solar pv,0.0752333333333333,CHN,-0.2335684089961024,-0.8904071946594848,-0.6197189843372446,3.535790321753356,1,0,0
People's Republic of China,2014,wind onshore,0.0618,CHN,-0.28379694738925715,-0.940204129984003,-0.6072089648504467,3.4904876244207035,0,1,0
People's Republic of China,2015,wind onshore,0.058,CHN,-0.42182282342767385,-0.9157213234368556,-0.6036346735685044,3.5132385082035795,0,1,0
People's Republic of China,2016,wind onshore,0.053,CHN,-0.2335684089961024,-0.8904071946594848,-0.6197189843372446,3.535790321753356,0,1,0
People's Republic of China,2017,wind onshore,0.0512,CHN,0.14357524147428827,-0.8632395275726092,-0.6358032951059847,3.5597498462371973,0,1,0
People's Republic of China,2018,wind onshore,0.0548,CHN,0.04573854613235241,-0.8345896726909879,-0.6643976253615225,3.578362913032063,0,1,0
People's Republic of China,2019,wind onshore,0.0572,CHN,-0.2496729467396305,-0.8074421813721206,-0.6197189843372446,3.592539557489268,0,1,0
People's Republic of China,2014,solar pv,0.0834,CHN,-0.28379694738925715,-0.940204129984003,-0.6072089648504467,3.4904876244207035,1,0,0
People's Republic of China,2015,solar pv,0.0932,CHN,-0.42182282342767385,-0.9157213234368556,-0.6036346735685044,3.5132385082035795,1,0,0
People's Republic of China,2017,solar pv,0.0843,CHN,0.14357524147428827,-0.8632395275726092,-0.6358032951059847,3.5597498462371973,1,0,0
People's Republic of China,2018,solar pv,0.0848,CHN,0.04573854613235241,-0.8345896726909879,-0.6643976253615225,3.578362913032063,1,0,0
People's Republic of China,2019,solar pv,0.0866,CHN,-0.2496729467396305,-0.8074421813721206,-0.6197189843372446,3.592539557489268,1,0,0
Republic of Colombia,2020,wind onshore,0.0596,COL,-0.22363988558548245,-1.0232626851133042,1.4217374813440629,-0.2669061566670886,0,1,0
Republic of Costa Rica,2023,solar pv,0.18033,CRI,-0.4331662896654162,-0.5966951810974154,0.05314134948838099,-0.3963714031356895,1,0,0
Republic of Costa Rica,2020,solar pv,0.0679,CRI,-0.3182992109633923,-0.7018138120263736,1.5019803206236655,-0.39657390022065947,1,0,0
Republic of Croatia,2014,wind onshore,0.12,HRV,-0.40453786709894096,-0.7209659036287608,1.6553174166189875,-0.39894204540134004,0,1,0
Republic of Croatia,2019,wind onshore,0.0783333333333333,HRV,-0.1560080873937246,-0.5803758045687791,-0.2521031259894857,-0.399659289763479,0,1,0
Republic of Croatia,2013,wind onshore,0.12,HRV,-0.32359920202897047,-0.7222117889291798,1.6483475486192005,-0.39885012045541535,0,1,0
Republic of Croatia,2015,solar pv,0.0783333333333333,HRV,-0.40482784765432517,-0.699632432677198,1.4560506776507083,-0.39908387725470296,1,0,0
Republic of Croatia,2015,wind onshore,0.0818,HRV,-0.40482784765432517,-0.699632432677198,1.4560506776507083,-0.39908387725470296,0,1,0
Republic of Croatia,2020,solar pv,0.0577,HRV,-0.3141922965026327,-0.6358682276415947,-0.09304716394305633,-0.3997593481503561,1,0,0
Republic of Croatia,2020,wind onshore,0.0597,HRV,-0.3141922965026327,-0.6358682276415947,-0.09304716394305633,-0.3997593481503561,0,1,0
Republic of Cyprus,2014,wind onshore,0.1,CYP,-0.6000695519586924,-0.17842399411372864,1.4742795631886136,-0.40747304951624264,0,1,0
Republic of Cyprus,2019,wind onshore,0.052,CYP,-0.24121119174379432,0.12751984556050622,-0.15595469050523955,-0.4072316910779111,0,1,0
Republic of Cyprus,2019,solar pv,0.05,CYP,-0.24121119174379432,0.12751984556050622,-0.15595469050523955,-0.4072316910779111,1,0,0
Republic of Cyprus,2013,wind onshore,0.1,CYP,-0.5466052113276767,-0.17049378324493644,1.4481872368304352,-0.4075239716818697,0,1,0
Republic of Cyprus,2015,wind onshore,0.1,CYP,-0.5221097257665915,-0.13259277144611878,1.2507076435031268,-0.40742271034201255,0,1,0
Republic of Cyprus,2015,solar pv,0.1,CYP,-0.5221097257665915,-0.13259277144611878,1.2507076435031268,-0.40742271034201255,1,0,0
Czech Republic,2014,wind onshore,0.08,CZE,-0.06012032147066302,-0.4549999439028263,-0.34306883911491565,-0.380958185579955,0,1,0
Czech Republic,2019,wind onshore,0.06,CZE,0.09133349902874115,-0.2908895444795927,-1.0745475499643937,-0.3805414946118902,0,1,0
Czech Republic,2018,wind onshore,0.06,CZE,-0.04588483001309701,-0.3224474911229038,-1.033264485657961,-0.38066077180784286,0,1,0
Czech Republic,2018,solar pv,0.0549999999999999,CZE,-0.04588483001309701,-0.3224474911229038,-1.033264485657961,-0.38066077180784286,1,0,0
Czech Republic,2019,solar pv,0.0549999999999999,CZE,0.09133349902874115,-0.2908895444795927,-1.0745475499643937,-0.3805414946118902,1,0,0
Czech Republic,2013,wind onshore,0.08,CZE,-0.251690275744637,-0.47313509331057463,-0.1920550324528561,-0.3809896813346919,0,1,0
Czech Republic,2015,wind onshore,0.08,CZE,-0.25663611960089244,-0.4138178589333731,-0.532506277057854,-0.3808992835418411,0,1,0
Czech Republic,2015,solar pv,0.073,CZE,-0.25663611960089244,-0.4138178589333731,-0.532506277057854,-0.3808992835418411,1,0,0
Kingdom of Denmark,2014,wind onshore,0.058,DNK,-0.2854464593750271,1.3293656064672983,-0.1970590402475753,-0.39484154839431473,0,1,0
Kingdom of Denmark,2019,wind onshore,0.025,DNK,-0.2945005580551513,1.5696205342490706,-0.5378677139807674,-0.3943553989780608,0,1,0
Kingdom of Denmark,2013,wind onshore,0.0575,DNK,-0.30837877929769764,1.3092203455894518,-0.11502905532700095,-0.3949227207037916,0,1,0
Kingdom of Denmark,2015,wind onshore,0.049875,DNK,-0.3668201940502233,1.3660979324231366,-0.3126873632184066,-0.3947277712245166,0,1,0
Kingdom of Denmark,2015,solar pv,0.045,DNK,-0.3668201940502233,1.3660979324231366,-0.3126873632184066,-0.3947277712245166,1,0,0
Kingdom of Denmark,2010,wind onshore,0.0505999999999999,DNK,0.0039723061470852,1.2707015998603743,-0.050334383123846485,-0.3951139674767309,0,1,0
Kingdom of Denmark,2016,wind onshore,0.03224,DNK,-0.36449619003114536,1.4271551068943986,-0.3643358722424719,-0.39460114264924157,0,1,0
Kingdom of Denmark,2020,solar pv,0.03285,DNK,-0.044074506756352175,1.5098857256674636,-0.4272433988046553,-0.39430710453951073,1,0,0
Kingdom of Denmark,2020,wind offshore,0.0476999999999999,DNK,-0.044074506756352175,1.5098857256674636,-0.4272433988046553,-0.39430710453951073,0,0,1
Kingdom of Denmark,2020,wind onshore,0.03192,DNK,-0.044074506756352175,1.5098857256674636,-0.4272433988046553,-0.39430710453951073,0,1,0
Kingdom of Denmark,2017,wind onshore,0.047,DNK,-0.2745123001615163,1.4930019315917946,-0.39221534424162124,-0.39449600512755995,0,1,0
Kingdom of Denmark,2012,wind offshore,0.09,DNK,-0.10001581658532695,1.2839255556538114,-0.04104122579079675,-0.39498915328443757,0,0,1
Kingdom of Denmark,2008,wind onshore,0.052,DNK,0.14645545474516578,1.390320603885863,-0.7764516570504115,-0.3952677122616146,0,1,0
Kingdom of Denmark,2008,wind offshore,0.092,DNK,0.14645545474516578,1.390320603885863,-0.7764516570504115,-0.3952677122616146,0,0,1
Arab Republic of Egypt,2023,solar pv,0.2653375,EGY,2.892376371763093,-1.1134017368234597,-0.12396478353185666,-0.08516704915713323,1,0,0
Kingdom of Bahrain,2023,solar pv,0.2518,BHR,-0.974563916728463,-0.052136282692664224,-1.228420789652007,-0.40640586812291835,1,0,0
Republic of El Salvador,2014,solar pv,0.048,SLV,-0.288847112391609,-1.1335129649438964,-0.6922770973606719,-0.39336421975587366,1,0,0
Republic of Estonia,2014,wind onshore,0.097,EST,-0.0401201398393031,-0.440034520182942,-0.12074792137810852,-0.4071524213110906,0,1,0
Republic of Estonia,2019,wind onshore,0.0806416666666666,EST,0.08884507531001383,-0.27976251611279584,-0.6279398542857116,-0.40711729110266937,0,1,0
Republic of Estonia,2019,solar pv,0.0720958333333333,EST,0.08884507531001383,-0.27976251611279584,-0.6279398542857116,-0.40711729110266937,1,0,0
Republic of Estonia,2013,wind onshore,0.097,EST,0.1290614199793005,-0.47061668262752265,0.10782800610209735,-0.40714260430473825,0,1,0
Republic of Estonia,2015,solar pv,0.0844999999999999,EST,-0.24703869161903053,-0.4244198300328687,-0.2887396116293936,-0.407149969903363,1,0,0
Republic of Estonia,2015,wind onshore,0.0818333333333333,EST,-0.24703869161903053,-0.4244198300328687,-0.2887396116293936,-0.407149969903363,0,1,0
Republic of Finland,2014,wind onshore,0.065,FIN,-0.20188885485391656,0.8299566224655602,0.11354687215320493,-0.3953590257775377,0,1,0
Republic of Finland,2019,wind onshore,0.0425,FIN,-0.223621940343397,1.00186579275127,-0.23816338998991093,-0.3951881268262817,0,1,0
Republic of Finland,2018,wind onshore,0.04,FIN,-0.15618468369835034,0.9734513640349773,-0.11913949030123462,-0.3952054203418171,0,1,0
Republic of Finland,2013,wind onshore,0.065,FIN,-0.0795187898920296,0.8492503963404519,0.029551027027562304,-0.3954231263925959,0,1,0
Republic of Finland,2015,wind onshore,0.038,FIN,-0.20348638917792583,0.8328853624562613,0.24097035635444544,-0.3953077822556772,0,1,0
Republic of Finland,2015,solar pv,0.06,FIN,-0.20348638917792583,0.8328853624562613,0.24097035635444544,-0.3953077822556772,1,0,0
Republic of Finland,2020,wind onshore,0.0369333333333333,FIN,-0.20272371530996774,0.9407377395291296,-0.048011093790584054,-0.39516555510570855,0,1,0
French Republic,2014,wind onshore,0.057,FRA,-0.34523650442349973,0.5232969150119802,0.4012773203495547,-0.2223085376614722,0,1,0
French Republic,2019,solar pv,0.0409125,FRA,-0.2598415777495388,0.637738875664528,0.06922566025712103,-0.21926562401867533,1,0,0
French Republic,2018,solar pv,0.0395375,FRA,-0.27264688719837316,0.6052022800543931,0.17699054240767967,-0.21990183257664017,1,0,0
French Republic,2018,wind onshore,0.0313333333333333,FRA,-0.27264688719837316,0.6052022800543931,0.17699054240767967,-0.21990183257664017,0,1,0
French Republic,2019,wind onshore,0.0299333333333333,FRA,-0.2598415777495388,0.637738875664528,0.06922566025712103,-0.21926562401867533,0,1,0
French Republic,2018,wind offshore,0.0425,FRA,-0.27264688719837316,0.6052022800543931,0.17699054240767967,-0.21990183257664017,0,0,1
French Republic,2019,wind offshore,0.04125,FRA,-0.2598415777495388,0.637738875664528,0.06922566025712103,-0.21926562401867533,0,0,1
French Republic,2015,wind onshore,0.0511666666666666,FRA,-0.2699976118929615,0.5363587298698922,0.41575320004142063,-0.22163680359848043,0,1,0
French Republic,2016,wind onshore,0.05,FRA,-0.3523829390042383,0.5473990137902125,0.3626749745045787,-0.2211367619238166,0,1,0
French Republic,2017,wind onshore,0.05,FRA,-0.3431610455640404,0.5808113297057838,0.24686793696965034,-0.22058529187636156,0,1,0
French Republic,2023,solar pv,0.061511175,FRA,0.2865243588029007,0.6586082815156971,-0.12378606896775948,-0.21669071880617602,1,0,0
French Republic,2013,wind onshore,0.057,FRA,-0.321598650558633,0.5137647828612947,0.3369400772745946,-0.22320189377111394,0,1,0
French Republic,2015,solar pv,0.0425,FRA,-0.2699976118929615,0.5363587298698922,0.41575320004142063,-0.22163680359848043,1,0,0
French Republic,2012,solar pv,0.133,FRA,-0.27699138757199654,0.5089662824662786,0.32407262865960235,-0.2241695827057953,1,0,0
French Republic,2014,solar pv,0.138,FRA,-0.34523650442349973,0.5232969150119802,0.4012773203495547,-0.2223085376614722,1,0,0
French Republic,2016,solar pv,0.037,FRA,-0.3523829390042383,0.5473990137902125,0.3626749745045787,-0.2211367619238166,1,0,0
French Republic,2020,solar pv,0.0335,FRA,-0.02391045795904498,0.48608169844982924,-0.003332452766306122,-0.21864267922595593,1,0,0
French Republic,2020,wind offshore,0.0355,FRA,-0.02391045795904498,0.48608169844982924,-0.003332452766306122,-0.21864267922595593,0,0,1
French Republic,2020,wind onshore,0.0299,FRA,-0.02391045795904498,0.48608169844982924,-0.003332452766306122,-0.21864267922595593,0,1,0
Federal Republic of Germany,2014,wind onshore,0.038,DEU,-0.16769574222340067,0.7836692468621399,-0.5448375819805547,-0.180587873133038,0,1,0
Federal Republic of Germany,2019,wind onshore,0.0191666666666666,DEU,-0.15232462751527703,0.916270734765278,-0.8693832303809095,-0.1745860136717659,0,1,0
Federal Republic of Germany,2018,wind onshore,0.0189666666666666,DEU,-0.17243325682448868,0.8993829965621142,-0.8298873117154478,-0.17511832747507577,0,1,0
Federal Republic of Germany,2017,wind onshore,0.043,DEU,-0.22547337686965432,0.8814723471165505,-0.7589376297688945,-0.17582582308351377,0,1,0
Federal Republic of Germany,2017,wind offshore,0.06,DEU,-0.22547337686965432,0.8814723471165505,-0.7589376297688945,-0.17582582308351377,0,0,1
Federal Republic of Germany,2018,wind offshore,0.06,DEU,-0.17243325682448868,0.8993829965621142,-0.8298873117154478,-0.17511832747507577,0,0,1
Federal Republic of Germany,2023,solar pv,0.038631564,DEU,0.398565390122335,0.9228080574444927,-0.8863611139701353,-0.1740541036966432,1,0,0
Federal Republic of Germany,2013,wind onshore,0.039,DEU,-0.15512043195136918,0.7475747647119999,-0.4846107738798281,-0.18154595550704203,0,1,0
Federal Republic of Germany,2015,wind onshore,0.03175,DEU,-0.19645230807723799,0.800016144434161,-0.6104258270041947,-0.1785854796916324,0,1,0
Federal Republic of Germany,2015,solar pv,0.035625,DEU,-0.19645230807723799,0.800016144434161,-0.6104258270041947,-0.1785854796916324,1,0,0
Federal Republic of Germany,2010,wind onshore,0.04881,DEU,-0.33032561831816915,0.62823411421356,-0.17597072168411607,-0.1783286250575842,0,1,0
Federal Republic of Germany,2016,wind onshore,0.0301299999999999,DEU,-0.25373650793639224,0.831251254514746,-0.7012128255655274,-0.17670267911469195,0,1,0
Federal Republic of Germany,2017,solar pv,0.009,DEU,-0.22547337686965432,0.8814723471165505,-0.7589376297688945,-0.17582582308351377,1,0,0
Federal Republic of Germany,2010,solar pv,0.046,DEU,-0.33032561831816915,0.62823411421356,-0.17597072168411607,-0.1783286250575842,1,0,0
Federal Republic of Germany,2012,solar pv,0.037,DEU,-0.230267240991986,0.7452466880976248,-0.47460275829038984,-0.18217098484948804,1,0,0
Federal Republic of Germany,2013,solar pv,0.042,DEU,-0.15512043195136918,0.7475747647119999,-0.4846107738798281,-0.18154595550704203,1,0,0
Federal Republic of Germany,2016,solar pv,0.029,DEU,-0.25373650793639224,0.831251254514746,-0.7012128255655274,-0.17670267911469195,1,0,0
Federal Republic of Germany,2019,solar pv,0.021,DEU,-0.15232462751527703,0.916270734765278,-0.8693832303809095,-0.1745860136717659,1,0,0
Federal Republic of Germany,2020,solar pv,0.01831,DEU,-0.18715522896032868,0.8228778979424803,-0.7410661733591833,-0.1743928899509145,1,0,0
Federal Republic of Germany,2020,wind offshore,0.03175,DEU,-0.18715522896032868,0.8228778979424803,-0.7410661733591833,-0.1743928899509145,0,0,1
Federal Republic of Germany,2020,wind onshore,0.0243571428571428,DEU,-0.18715522896032868,0.8228778979424803,-0.7410661733591833,-0.1743928899509145,0,1,0
Federal Republic of Germany,2014,wind offshore,0.05,DEU,-0.16769574222340067,0.7836692468621399,-0.5448375819805547,-0.180587873133038,0,0,1
Federal Republic of Germany,2018,solar pv,0.0155,DEU,-0.17243325682448868,0.8993829965621142,-0.8298873117154478,-0.17511832747507577,1,0,0
Federal Republic of Germany,2012,wind offshore,0.09,DEU,-0.230267240991986,0.7452466880976248,-0.47460275829038984,-0.18217098484948804,0,0,1
Federal Republic of Germany,2008,wind onshore,0.062,DEU,-0.2949061830984156,0.6524660148193614,-0.09286844937895915,-0.177381144595423,0,1,0
Federal Republic of Germany,2009,wind onshore,0.058,DEU,-0.1551641557777633,0.547736027602826,-0.026386631534833616,-0.1779720703630785,0,1,0
Federal Republic of Germany,2011,wind onshore,0.047,DEU,-0.25698339450279634,0.7393556950363552,-0.3682675926526084,-0.18259995276321417,0,1,0
Federal Republic of Germany,2012,wind onshore,0.039,DEU,-0.230267240991986,0.7452466880976248,-0.47460275829038984,-0.18217098484948804,0,1,0
Federal Republic of Germany,2008,wind offshore,0.077,DEU,-0.2949061830984156,0.6524660148193614,-0.09286844937895915,-0.177381144595423,0,0,1
Republic of Uganda,2023,solar pv,0.25538,UGA,0.47933777002509254,-1.273132815595253,-0.9365799064814236,-0.27251821954878774,1,0,0
Hellenic Republic,2014,wind onshore,0.1275,GRC,-0.6781873319811409,-0.415238935564934,3.3384511812855857,-0.37991430109162433,0,1,0
Hellenic Republic,2015,wind onshore,0.1086666666666666,GRC,-0.4447570480308259,-0.41133085271543957,3.0298111290898744,-0.380117722431248,0,1,0
Hellenic Republic,2016,wind onshore,0.11,GRC,-0.48683286993103025,-0.40782800567954525,2.767636863559411,-0.380245445892805,0,1,0
Hellenic Republic,2014,solar pv,0.138,GRC,-0.6781873319811409,-0.415238935564934,3.3384511812855857,-0.37991430109162433,1,0,0
Hellenic Republic,2015,solar pv,0.161,GRC,-0.4447570480308259,-0.41133085271543957,3.0298111290898744,-0.380117722431248,1,0,0
Hellenic Republic,2016,solar pv,0.095,GRC,-0.48683286993103025,-0.40782800567954525,2.767636863559411,-0.380245445892805,1,0,0
Hellenic Republic,2018,wind onshore,0.062,GRC,-0.4527725307414394,-0.37142676805180674,1.9929092281984315,-0.3803679849967201,0,1,0
Hellenic Republic,2019,wind onshore,0.062,GRC,-0.3887235741996481,-0.3487674551699047,1.6115323484151955,-0.3804001206200634,0,1,0
Hellenic Republic,2018,solar pv,0.06,GRC,-0.4527725307414394,-0.37142676805180674,1.9929092281984315,-0.3803679849967201,1,0,0
Hellenic Republic,2019,solar pv,0.06,GRC,-0.3887235741996481,-0.3487674551699047,1.6115323484151955,-0.3804001206200634,1,0,0
Hellenic Republic,2023,solar pv,0.146238,GRC,0.36274382515759807,-0.25145002000099326,0.5429979696785645,-0.3812987634663242,1,0,0
Hellenic Republic,2013,wind onshore,0.12,GRC,-0.6831059208768668,-0.4283316850653789,3.513234024972561,-0.3797072737369211,0,1,0
Hellenic Republic,2020,solar pv,0.04785,GRC,-0.47001346631595653,-0.43632583840278577,1.4067254579599051,-0.38046548106531114,1,0,0
Hellenic Republic,2020,wind onshore,0.0384,GRC,-0.47001346631595653,-0.43632583840278577,1.4067254579599051,-0.38046548106531114,0,1,0
Republic of Guatemala,2014,solar pv,0.085,GTM,-0.03961740540554142,-1.1286703752781817,-0.9490899259682213,-0.3662941660026325,1,0,0
Republic of Hungary,2014,wind onshore,0.113,HUN,0.07149852719327919,-0.7022648613070579,-0.05408738896988598,-0.3828319455244522,0,1,0
Republic of Hungary,2018,solar pv,0.0565645833333333,HUN,0.22563506747742207,-0.5937296079117306,-0.7719837929479837,-0.38309046381687706,1,0,0
Republic of Hungary,2019,solar pv,0.0549300595238095,HUN,0.2173054939831633,-0.5579831420021045,-0.8236323019720488,-0.3831030422117485,1,0,0
Republic of Hungary,2019,wind onshore,0.0463175,HUN,0.2173054939831633,-0.5579831420021045,-0.8236323019720488,-0.3831030422117485,0,1,0
Republic of Hungary,2023,solar pv,0.139358,HUN,1.5473603414397206,-0.4972782520090089,-0.7006766818732361,-0.38361196526266905,1,0,0
Republic of Hungary,2013,wind onshore,0.113,HUN,-0.04492745267428409,-0.7290068222515382,0.38412072219623195,-0.3827562590218275,0,1,0
Republic of Hungary,2015,wind onshore,0.0835,HUN,-0.05090630181688794,-0.6777780590205109,-0.21707507142645185,-0.382898605613936,0,1,0
Republic of Hungary,2015,solar pv,0.074,HUN,-0.05090630181688794,-0.6777780590205109,-0.21707507142645185,-0.382898605613936,1,0,0
Republic of Hungary,2020,solar pv,0.1843,HUN,0.4314777830633425,-0.5906729446934093,-0.6751204992073492,-0.38316274053079474,1,0,0
Republic of India,2016,solar pv,0.1053666666666667,IND,0.01079547819863563,-1.2357389502419722,-0.07624799491792777,3.4110992572430563,1,0,0
Republic of India,2017,solar pv,0.0831,IND,0.10841174002157783,-1.2309689236128643,-0.0732098473282768,3.4557851326145874,1,0,0
Republic of India,2017,wind onshore,0.1014,IND,0.10841174002157783,-1.2309689236128643,-0.0732098473282768,3.4557851326145874,0,1,0
Republic of India,2023,solar pv,0.10746,IND,-0.24335233719114577,-1.2083107195294394,-0.6890602352069239,3.6787784774091024,1,0,0
Republic of India,2013,solar pv,0.0875,IND,0.40438372042888876,-1.250672387708886,-0.056589392867245424,3.2742675220214212,1,0,0
Republic of India,2014,solar pv,0.108,IND,0.02331408616365514,-1.246376656052086,-0.06320183173883855,3.3210424290436635,1,0,0
Republic of India,2015,solar pv,0.1055,IND,-0.11713603824265555,-1.2413307817288526,-0.07088655799501438,3.365825572974948,1,0,0
Republic of India,2011,solar pv,0.097,IND,0.7443833330543215,-1.2566375943642436,-0.07356727645647115,3.1758569901883065,1,0,0
Republic of India,2012,solar pv,0.115,IND,0.6377022238931448,-1.2540313953666826,-0.06463154825161543,3.2254810700147716,1,0,0
Republic of India,2018,solar pv,0.11,IND,0.09706304668910307,-1.2261772483756395,-0.06713355214897504,3.4984477718913074,1,0,0
Republic of India,2019,solar pv,0.0935,IND,-0.10032623457291166,-1.223510952070151,-0.2712255843478767,3.539317596024169,1,0,0
Republic of India,2021,solar pv,0.0975,IND,0.6938359156595026,-1.222028866085033,-0.2944584776805012,3.6109077565219785,1,0,0
Republic of India,2022,solar pv,0.095,IND,0.47927074879619314,-1.2159156370576598,-0.5728957685438012,3.642813925826899,1,0,0
Republic of India,2020,solar pv,0.0708333333333333,IND,0.2212877559064073,-1.230067718223801,-0.030139637380872945,3.5779582174674727,1,0,0
Republic of India,2020,wind onshore,0.0838,IND,0.2212877559064073,-1.230067718223801,-0.030139637380872945,3.5779582174674727,0,1,0
Republic of India,2015,wind onshore,0.108,IND,-0.11713603824265555,-1.2413307817288526,-0.07088655799501438,3.365825572974948,0,1,0
Republic of India,2010,wind onshore,0.107,IND,0.983651117062401,-1.2589889442445166,-0.06713355214897504,3.1253972647127752,0,1,0
Republic of Indonesia,2023,solar pv,0.093786,IDN,-0.21678549034097505,-1.1092825647083695,-0.8434696185868285,0.3887745130256401,1,0,0
Republic of Indonesia,2019,solar pv,0.0925,IDN,-0.2080535069894995,-1.1265804109802005,-0.7930721115114429,0.3640309760234777,1,0,0
Republic of Indonesia,2021,solar pv,0.1,IDN,0.38001836149005486,-1.1265912661441781,-0.7507167598204274,0.37617048359588,1,0,0
Republic of Indonesia,2022,solar pv,0.0825,IDN,0.8555918318563643,-1.117771671747927,-0.8159475757158732,0.38206431617323006,1,0,0
Ireland,2014,wind onshore,0.09,IRL,-0.3865998178826206,1.3156852086834783,0.6845399044434769,-0.39764484119752896,0,1,0
Ireland,2019,wind onshore,0.0775,IRL,0.03131507007515256,2.5821472729544186,-0.5500203043393709,-0.396858229390736,0,1,0
Ireland,2018,wind offshore,0.0775,IRL,-0.2980434854882106,2.445998242961856,-0.4086570841385556,-0.39704883629506893,0,0,1
Ireland,2013,wind onshore,0.09,IRL,-0.24263641148232246,1.108195439302884,1.0199871412537553,-0.3977413163202102,0,1,0
Ireland,2015,wind onshore,0.0858333333333333,IRL,0.7677263088108592,1.933941682227233,0.3360465044541089,-0.3975190942190005,0,1,0
Ireland,2015,solar pv,0.0775,IRL,0.7677263088108592,1.933941682227233,0.3360465044541089,-0.3975190942190005,1,0,0
Ireland,2010,wind onshore,0.07304,IRL,-0.8029741523953904,1.0596626853128275,1.1627800779673478,-0.39792235932177294,0,1,0
Ireland,2016,wind onshore,0.0658999999999998,IRL,-0.4054950752567161,1.9367553067091239,0.0618983631291397,-0.39736729463468023,0,1,0
Ireland,2020,solar pv,0.0993,IRL,-0.6783027781282907,2.8187395281038437,-0.4297454027020147,-0.3967130730644803,1,0,0
Ireland,2020,wind onshore,0.03255,IRL,-0.6783027781282907,2.8187395281038437,-0.4297454027020147,-0.3967130730644803,0,1,0
Sultanate of Oman,2023,solar pv,0.177005,OMN,-0.96284031467325,-0.4053654124893527,-0.867059941047647,-0.39653138735045074,1,0,0
Italian Republic,2014,wind onshore,0.08,ITA,-0.30095166681654095,0.20170670622178774,0.8319794198235939,-0.23801497145126094,0,1,0
Italian Republic,2019,wind onshore,0.05025,ITA,-0.28166874643985285,0.30745590210955354,0.3437312307102849,-0.24102963134025995,0,1,0
Italian Republic,2018,wind onshore,0.0644,ITA,-0.2785218565412654,0.28190005584256095,0.4615041284502813,-0.23905974891178008,0,1,0
Italian Republic,2023,solar pv,0.11021828,ITA,0.3552941243832397,0.4040210431755547,-0.0716014162514029,-0.24312159216725826,1,0,0
Italian Republic,2013,wind onshore,0.08,ITA,-0.2711530846438271,0.2157679467559114,0.7365458425957362,-0.23959386003490876,0,1,0
Italian Republic,2015,wind onshore,0.0708333333333333,ITA,-0.31693988952148877,0.21667910138328145,0.6913310578791673,-0.23818150223283063,0,1,0
Italian Republic,2015,solar pv,0.085,ITA,-0.31693988952148877,0.21667910138328145,0.6913310578791673,-0.23818150223283063,1,0,0
Italian Republic,2017,solar pv,0.0469771275,ITA,-0.3266783498480112,0.26573452061360264,0.5689115814726456,-0.23873284999428535,1,0,0
Italian Republic,2017,wind onshore,0.043072543,ITA,-0.3266783498480112,0.26573452061360264,0.5689115814726456,-0.23873284999428535,0,1,0
Italian Republic,2020,solar pv,0.043325,ITA,-0.21086816240865017,0.17024398401539714,0.2030828687658578,-0.24185500496529796,1,0,0
Italian Republic,2020,wind onshore,0.04425,ITA,-0.21086816240865017,0.17024398401539714,0.2030828687658578,-0.24185500496529796,0,1,0
Jamaica,2023,solar pv,0.168225,JAM,1.1385649536505928,-1.0517788145403142,-0.6483133145927823,-0.4028148487196058,1,0,0
Jamaica,2016,solar pv,0.039,JAM,0.2011652078910283,-1.0623875445149604,0.1083641497943887,-0.4028997976757906,1,0,0
Hashemite Kingdom of Jordan,2013,solar pv,0.162,JOR,0.3986598128864058,-1.090862190533347,0.8171461110035336,-0.3881632141546426,1,0,0
Kingdom of Morocco,2020,solar pv,0.0907,MAR,-0.4024189800093161,-1.165051941233758,0.571056156241811,-0.30685042081431396,1,0,0
Republic of Malta,2015,solar pv,0.091,MLT,0.13924504872598525,-0.03162293420017876,-0.47156461070073885,-0.4096251352413582,1,0,0
Republic of Mozambique,2023,solar pv,0.271028,MOZ,0.2862266517279869,-1.2906255553452626,-0.8057608455623377,-0.31523710185407944,1,0,0
Republic of Senegal,2023,solar pv,0.19455,SEN,0.09273661147874979,-1.2474460197956783,-0.9342566171481612,-0.35948070857645287,1,0,0
United Republic of Tanzania,2023,solar pv,0.20689,TZA,-0.054581181617913234,-1.2661919072776155,-0.9732163921213315,-0.22143962737645517,1,0,0
Republic of Latvia,2014,wind onshore,0.093,LVA,-0.1985144603655245,-0.6770370441167943,0.5036807655771998,-0.4052207660550869,0,1,0
Republic of Latvia,2018,solar pv,0.121,LVA,0.07784641620162214,-0.5561370146929087,-0.1100250475322819,-0.4054101899134631,1,0,0
Republic of Latvia,2019,solar pv,0.121,LVA,0.15474768917325027,-0.5455920642410632,-0.3066110680391047,-0.40544816113849674,1,0,0
Republic of Latvia,2018,wind onshore,0.0908,LVA,0.07784641620162214,-0.5561370146929087,-0.1100250475322819,-0.4054101899134631,0,1,0
Republic of Latvia,2019,wind onshore,0.0908,LVA,0.15474768917325027,-0.5455920642410632,-0.3066110680391047,-0.40544816113849674,0,1,0
Republic of Latvia,2013,wind onshore,0.093,LVA,-0.16773525948579615,-0.6961783578196301,0.686148335520351,-0.4051671166272664,0,1,0
Republic of Latvia,2015,wind onshore,0.121,LVA,-0.36978541971191053,-0.6471562593543623,0.32979149471070995,-0.40526699300707325,0,1,0
Republic of Latvia,2015,solar pv,0.121,LVA,-0.36978541971191053,-0.6471562593543623,0.32979149471070995,-0.40526699300707325,1,0,0
Republic of Lithuania,2014,wind onshore,0.085,LTU,-0.34011089739356337,-0.6241682723433221,0.4772310100908273,-0.40255156127316805,0,1,0
Republic of Lithuania,2016,wind onshore,0.06,LTU,-0.2896155277624869,-0.5687901854921081,-0.02960349368858159,-0.40273395510845533,0,1,0
Republic of Lithuania,2019,wind onshore,0.095,LTU,-0.10428500440990297,-0.43376798876320544,-0.31679779819264015,-0.4029446681063314,0,1,0
Republic of Lithuania,2018,wind onshore,0.08,LTU,0.05818775536531652,-0.47567745894210894,-0.33609897111512815,-0.4029236064756694,0,1,0
Republic of Lithuania,2013,wind onshore,0.085,LTU,-0.3101254208572934,-0.6552726974610854,0.6688130228029309,-0.40247954903827426,0,1,0
Republic of Lithuania,2015,wind onshore,0.065225,LTU,-0.42173082111634563,-0.5976358798771771,0.1952194279455848,-0.4026296451501713,0,1,0
Republic of Lithuania,2015,solar pv,0.0891333333333333,LTU,-0.42173082111634563,-0.5976358798771771,0.1952194279455848,-0.4026296451501713,1,0,0
Malaysia,2020,solar pv,0.0561,MYS,-0.5306226548597263,-0.8066345468293075,-0.6232932756191867,-0.31451362943750494,1,0,0
Malaysia,2016,solar pv,0.1,MYS,-0.20007483488939085,-0.8203012041164655,-0.8198792961260097,-0.3204853752602299,1,0,0
Republic of Tunisia,2020,solar pv,0.1075,TUN,0.48703699425577246,-1.1317252086657068,1.7207269470785305,-0.3768382564743186,1,0,0
Kingdom of Morocco,2023,solar pv,0.106228,MAR,0.4276697226852865,-1.1492370106167933,0.18163712107420454,-0.30364170157436793,1,0,0
Republic of South Africa,2023,solar pv,0.181133,ZAF,0.21987460401245854,-1.0305790531012111,4.301722681769018,-0.2311236036235669,1,0,0
United Mexican States,2016,solar pv,0.045,MEX,0.38984490251602627,-0.8102267160708897,-0.7460701811539026,-0.0632250190138081,1,0,0
United Mexican States,2019,solar pv,0.0975,MEX,0.15509888087322787,-0.8072430453253375,-0.8132668572544165,-0.05323843041763988,1,0,0
United Mexican States,2021,solar pv,0.0975,MEX,0.1776530658963055,-0.8290798385330499,-0.7164035635137819,-0.047877281345461147,1,0,0
United Mexican States,2022,solar pv,0.11,MEX,0.4458563133718634,-0.8147444144198617,-0.8527627759198781,-0.04513304414882635,1,0,0
United Mexican States,2020,solar pv,0.0874666666666666,MEX,0.19524887626720433,-0.8540563343976117,-0.6411647320288978,-0.050291986209803345,1,0,0
United Mexican States,2020,wind onshore,0.0429,MEX,0.19524887626720433,-0.8540563343976117,-0.6411647320288978,-0.050291986209803345,0,1,0
Kingdom of Saudi Arabia,2023,solar pv,0.09498,SAU,-0.8172015883605879,-0.1404620834155393,-0.7183694237188502,-0.3162917986999279,1,0,0
Republic of Malta,2013,wind onshore,0.071,MLT,-0.1203187098125777,-0.17927539681576957,-0.3434262682431098,-0.4096794131623432,0,1,0
Arab Republic of Egypt,2020,solar pv,0.0971,EGY,0.40310626954328665,-1.1306317060143478,-0.009587462509705057,-0.10001384364704645,1,0,0
Hashemite Kingdom of Jordan,2020,solar pv,0.0895999999999999,JOR,-0.5160166157665405,-1.128808884832597,1.9989855233777336,-0.379991611438579,1,0,0
Republic of Cameroon,2023,solar pv,0.21674,CMR,0.20057935037055305,-1.2472649101517252,-0.7889616765372094,-0.33020284080827,1,0,0
Federal Republic of Nigeria,2023,solar pv,0.21588,NGA,1.2634168331160822,-1.1991966584104874,-0.8852888265855525,0.23717649584793887,1,0,0
Kingdom of the Netherlands,2014,wind onshore,0.064,NLD,-0.37550012728185334,0.9585096961254093,-0.10877404558360217,-0.3629290742507258,0,1,0
Kingdom of the Netherlands,2023,solar pv,0.0531312,NLD,0.5588592340537691,1.275570163654742,-0.8025439834085898,-0.3600507774714004,1,0,0
Kingdom of the Netherlands,2018,wind onshore,0.053,NLD,-0.08325524400104962,1.1316782947300548,-0.7498231869999419,-0.36188646949960795,0,1,0
Kingdom of the Netherlands,2018,solar pv,0.055,NLD,-0.08325524400104962,1.1316782947300548,-0.7498231869999419,-0.36188646949960795,1,0,0
Kingdom of the Netherlands,2019,wind onshore,0.0483333333333333,NLD,-0.017248828252901992,1.171717875163952,-0.8307808845359336,-0.3615644023010566,0,1,0
Kingdom of the Netherlands,2019,wind offshore,0.0465,NLD,-0.017248828252901992,1.171717875163952,-0.8307808845359336,-0.3615644023010566,0,0,1
Kingdom of the Netherlands,2019,solar pv,0.055,NLD,-0.017248828252901992,1.171717875163952,-0.8307808845359336,-0.3615644023010566,1,0,0
Kingdom of the Netherlands,2020,wind onshore,0.02385,NLD,-0.10697210104812746,1.062002637893082,-0.7519677617691072,-0.36128961143900606,0,1,0
Kingdom of the Netherlands,2020,solar pv,0.02208,NLD,-0.10697210104812746,1.062002637893082,-0.7519677617691072,-0.36128961143900606,1,0,0
Kingdom of the Netherlands,2012,wind offshore,0.11,NLD,-0.24400921006591336,0.9377458179615754,-0.39435991901078665,-0.3632420297203221,0,0,1
Kingdom of the Netherlands,2008,wind onshore,0.06,NLD,-0.09942532745934143,1.0185015047609278,-0.7809195211528394,-0.36412183199095016,0,1,0
Republic of Namibia,2023,solar pv,0.177432,NAM,0.43470118188682577,-1.12078666720248,2.0261501371204944,-0.402464175128558,1,0,0
Kingdom of Norway,2023,solar pv,0.046818,NOR,-1.8389420236448848,2.6730171227119572,-0.7962889736651909,-0.39519384867355306,1,0,0
Kingdom of Norway,2010,wind onshore,0.0761,NOR,0.373529340893405,2.3638343234380734,-0.8043311290495608,-0.39698645337173627,0,1,0
Kingdom of Norway,2016,wind onshore,0.0495799999999999,NOR,-0.6347539094736206,2.4758610327494592,-0.5982732366455912,-0.39600456219785346,0,1,0
Kingdom of Norway,2020,wind onshore,0.0478,NOR,-0.7574496372147086,2.4895137846100304,-0.6440241650544516,-0.39559232755914964,0,1,0
State of Israel,2023,solar pv,0.06384,ISR,0.14803468055031774,0.8476782690406538,-0.7919998241268602,-0.38314439478688433,1,0,0
Islamic Republic of Pakistan,2020,solar pv,0.0644,PAK,0.9060244742511786,-1.244266336799671,-0.33967326239707046,0.25742137262599185,1,0,0
Republic of Panama,2023,solar pv,0.129825,PAN,-0.19360363949779183,-0.4674098578234,-0.26514928916857494,-0.398210715398279,1,0,0
Republic of Paraguay,2023,solar pv,0.1563,PRY,-0.14527932904145832,-0.9959399434475227,-0.39918521224140874,-0.391427007596506,1,0,0
Republic of Peru,2023,solar pv,0.1216395,PER,0.45508710844547284,-0.9898232795550513,-0.5591347471083237,-0.31463859151054285,1,0,0
Republic of Peru,2015,solar pv,0.043,PER,-0.06228213901687103,-1.00606427711512,-0.8499033428943243,-0.324273639138219,1,0,0
Republic of Peru,2016,solar pv,0.029,PER,-0.010174186879002789,-0.9979376037313157,-0.7660862123327791,-0.32311080165402956,1,0,0
Republic of Peru,2020,wind onshore,0.0788,PER,0.07502858608844305,-1.0263062021961253,-0.15166554096690887,-0.31750246707341034,0,1,0
Republic of Poland,2014,wind onshore,0.094,POL,-0.35705306919238494,-0.7093585782641617,0.1685909578951153,-0.3027907332050742,0,1,0
Republic of Poland,2018,wind onshore,0.0457,POL,-0.2576423668157464,-0.584938922635294,-0.7492870433076505,-0.30289591338466293,0,1,0
Republic of Poland,2019,wind onshore,0.0457,POL,-0.01744061813015714,-0.551012289411745,-0.8507969157148101,-0.30292229019054867,0,1,0
Republic of Poland,2013,wind onshore,0.0935,POL,-0.3852582708434478,-0.7328934424706098,0.40485161163149685,-0.30270979409215615,0,1,0
Republic of Poland,2015,wind onshore,0.08,POL,-0.24513300955234296,-0.6818031747747256,-0.09876602999416391,-0.3028627482838284,0,1,0
Republic of Poland,2015,solar pv,0.08,POL,-0.24513300955234296,-0.6818031747747256,-0.09876602999416391,-0.3028627482838284,1,0,0
Republic of Poland,2020,solar pv,0.0547,POL,0.1443644623340657,-0.565373797768397,-0.8708129468936866,-0.3031111367452489,1,0,0
Republic of Poland,2020,wind onshore,0.0577,POL,0.1443644623340657,-0.565373797768397,-0.8708129468936866,-0.3031111367452489,0,1,0
Portuguese Republic,2014,wind onshore,0.08,PRT,-0.3247247783667393,-0.3679918200674439,1.0489389006374876,-0.38131163477882435,0,1,0
Portuguese Republic,2019,solar pv,0.0516666666666666,PRT,-0.17656684292601071,-0.22968370293736748,-0.27944645429634374,-0.38163810711724816,1,0,0
Portuguese Republic,2018,wind onshore,0.0527333333333333,PRT,-0.174163475535537,-0.2586085351654494,-0.18472773532487463,-0.38164504898066237,0,1,0
Portuguese Republic,2018,solar pv,0.0527333333333333,PRT,-0.174163475535537,-0.2586085351654494,-0.18472773532487463,-0.38164504898066237,1,0,0
Portuguese Republic,2019,wind onshore,0.0516666666666666,PRT,-0.17656684292601071,-0.22968370293736748,-0.27944645429634374,-0.38163810711724816,0,1,0
Portuguese Republic,2013,wind onshore,0.08,PRT,-0.1178303294225886,-0.38009883765431035,1.4583739669839704,-0.381151715972854,0,1,0
Portuguese Republic,2015,wind onshore,0.0725,PRT,-0.15947006725297197,-0.3488127448562914,0.7898027826966755,-0.38143388096511066,0,1,0
Portuguese Republic,2015,solar pv,0.065,PRT,-0.15947006725297197,-0.3488127448562914,0.7898027826966755,-0.38143388096511066,1,0,0
Portuguese Republic,2020,solar pv,0.1003,PRT,-0.14068898699911234,-0.32031719070369913,-0.21921964619561712,-0.38160734223465276,1,0,0
Romania,2014,wind onshore,0.111,ROU,-0.19261148667269928,-0.8830700903272516,-0.2190409316315201,-0.35427244544329506,0,1,0
Romania,2018,solar pv,0.075,ROU,0.40441638461959656,-0.7754249197120354,-0.6863795167454672,-0.3555095503437332,1,0,0
Romania,2019,solar pv,0.0775,ROU,0.5058345700765133,-0.7510028358663906,-0.7355260218721729,-0.3558005398350372,1,0,0
Romania,2018,wind onshore,0.0775,ROU,0.40441638461959656,-0.7754249197120354,-0.6863795167454672,-0.3555095503437332,0,1,0
Romania,2019,wind onshore,0.0775,ROU,0.5058345700765133,-0.7510028358663906,-0.7355260218721729,-0.3558005398350372,0,1,0
Romania,2013,wind onshore,0.111,ROU,-0.2352716157282371,-0.901977386687055,-0.16649884978696916,-0.35405996925192584,0,1,0
Romania,2015,wind onshore,0.0734,ROU,0.014340873408047457,-0.8670973284810132,-0.21725378599054887,-0.35453795678862265,0,1,0
Romania,2015,solar pv,0.0734,ROU,0.014340873408047457,-0.8670973284810132,-0.21725378599054887,-0.35453795678862265,1,0,0
Romania,2020,solar pv,0.07175,ROU,0.1272678171736182,-0.7689305201057859,-0.5348295663911165,-0.3561031209016285,1,0,0
United Arab Emirates,2023,solar pv,0.066465,ARE,-0.5955226853206793,0.8302248678476654,-1.0502423692471867,-0.381076478800184,1,0,0
United Arab Emirates,2017,solar pv,0.0535,ARE,0.24416133102180945,0.8394593155265315,-0.9946621398129849,-0.3846612388665958,1,0,0
Republic of Ghana,2023,solar pv,0.204075,GHA,3.994273723607087,-1.2158787253219954,-0.8872546867906207,-0.31480269079140827,1,0,0
Republic of South Africa,2021,solar pv,0.1025,ZAF,0.45139580523762124,-1.0301348212961883,4.642888784630404,-0.23598598222671316,1,0,0
Republic of Singapore,2020,solar pv,0.0546,SGP,-0.7469482669199577,1.6723652017948802,-0.701927683821916,-0.39472116209277763,1,0,0
Slovak Republic,2014,wind onshore,0.081,SVK,-0.43913033162251786,-0.5294310242854792,0.6269938148042068,-0.39548092216898584,0,1,0
Slovak Republic,2018,solar pv,0.055,SVK,-0.13995422256086604,-0.4169858421308393,-0.26514928916857494,-0.3954009471247681,1,0,0
Slovak Republic,2019,solar pv,0.055,SVK,-0.10090148126809832,-0.39765081757079473,-0.4050827928566133,-0.39537997080992027,1,0,0
Slovak Republic,2013,wind onshore,0.081,SVK,-0.3501398945273646,-0.5495659053793683,1.1077359922254375,-0.3954958694996312,0,1,0
Slovak Republic,2015,solar pv,0.0516666666666666,SVK,-0.44621732865333463,-0.48921725832801977,0.6191303739839341,-0.3954662705998297,1,0,0
Slovak Republic,2015,wind onshore,0.0475,SVK,-0.44621732865333463,-0.48921725832801977,0.6191303739839341,-0.3954662705998297,0,1,0
Republic of Slovenia,2014,wind onshore,0.11,SVN,-0.3371261454274814,-0.2975385727693824,0.29315500907080205,-0.4050268204585588,0,1,0
Republic of Slovenia,2018,wind onshore,0.045,SVN,-0.13030215075501503,-0.14237565890280804,-0.5217834032120273,-0.4049929387048852,0,1,0
Republic of Slovenia,2013,wind onshore,0.11,SVN,-0.27021680687110755,-0.32408813566477396,0.37089584445304574,-0.4050325849637373,0,1,0
Republic of Slovenia,2015,solar pv,0.0851,SVN,-0.30567105980583253,-0.2738197787074877,0.16698252681824124,-0.4050224096309654,1,0,0
Republic of Slovenia,2015,wind onshore,0.0889666666666666,SVN,-0.30567105980583253,-0.2738197787074877,0.16698252681824124,-0.4050224096309654,0,1,0
Republic of South Africa,2019,solar pv,0.1025,ZAF,0.19441252757131158,-1.0161316408130316,3.6529888140965023,-0.24143117306358583,1,0,0
Republic of Mauritius,2023,solar pv,0.126255,MUS,0.7142489699329452,-0.7485346417351021,-0.4390385600350646,-0.40730457922183044,1,0,0
Republic of South Africa,2012,solar pv,0.078,ZAF,0.2039810523800216,-1.0116402379723752,2.9844176298092076,-0.25794068745616583,1,0,0
Republic of Botswana,2023,solar pv,0.09687,BWA,-0.1378141863810672,-0.9552309429747955,2.7438678265344953,-0.4038373360017387,1,0,0
Republic of South Africa,2020,wind onshore,0.0751333333333333,ZAF,0.2982474706501813,-1.0395810230433808,3.786846022605239,-0.2386598424082261,0,1,0
Republic of South Africa,2022,solar pv,0.11,ZAF,0.24499672071894998,-1.0287344026797272,4.5108187217626385,-0.23349530931755946,1,0,0
Republic of South Africa,2020,solar pv,0.0689,ZAF,0.2982474706501813,-1.0395810230433808,3.786846022605239,-0.2386598424082261,1,0,0
Republic of South Africa,2013,solar pv,0.072,ZAF,0.35867899805255343,-1.0091437246758173,2.954751012169087,-0.25539195144773774,1,0,0
Republic of Uganda,2020,solar pv,0.0797,UGA,-0.058148930432914886,-1.2750923483413639,-0.750001901564039,-0.2844608665676773,1,0,0
Republic of Kenya,2020,wind onshore,0.0716,KEN,0.23917424159679346,-1.240048278395571,-0.43046026095840323,-0.26239199171568117,0,1,0
Kingdom of Spain,2014,wind onshore,0.1,ESP,-0.45088849007463305,-0.05920371797244549,2.9333052644774336,-0.27870566081293724,0,1,0
Kingdom of Spain,2019,solar pv,0.0516666666666666,ESP,-0.23072178872539453,0.11060529634938306,1.0859328154055896,-0.2768459040374084,1,0,0
Kingdom of Spain,2018,solar pv,0.0527333333333333,ESP,-0.2629342322313827,0.09317623156526289,1.2916332786813656,-0.2778045210571813,1,0,0
Kingdom of Spain,2018,wind onshore,0.0527333333333333,ESP,-0.2629342322313827,0.09317623156526289,1.2916332786813656,-0.2778045210571813,0,1,0
Kingdom of Spain,2019,wind onshore,0.0516666666666666,ESP,-0.23072178872539453,0.11060529634938306,1.0859328154055896,-0.2768459040374084,0,1,0
Kingdom of Spain,2013,wind onshore,0.1,ESP,-0.3629394696446903,-0.08182110178869814,3.2287204389299595,-0.2783099006579527,0,1,0
Kingdom of Spain,2015,wind onshore,0.07625,ESP,-0.34768640804002426,-0.00692346134133324,2.507249743669919,-0.27880818198298385,0,1,0
Kingdom of Spain,2020,solar pv,0.0473928571428571,ESP,-0.27006776348767647,-0.052284777409896746,1.3411372129362653,-0.2761894898507839,1,0,0
Kingdom of Spain,2020,wind offshore,0.0676,ESP,-0.27006776348767647,-0.052284777409896746,1.3411372129362653,-0.2761894898507839,0,0,1
Kingdom of Spain,2020,wind onshore,0.04255,ESP,-0.27006776348767647,-0.052284777409896746,1.3411372129362653,-0.2761894898507839,0,1,0
Kingdom of Spain,2008,wind onshore,0.059,ESP,-0.09411558864040924,0.05091922137725225,0.5765963077288213,-0.2802037382573883,0,1,0
Democratic Socialist Republic of Sri Lanka,2023,solar pv,0.31779,LKA,1.917138452979183,-1.1206187569592614,-0.362906155729695,-0.34822065063598007,1,0,0
Kingdom of Sweden,2014,wind onshore,0.082,SWE,-0.17678855725161216,1.18703972236518,-0.013161753791647374,-0.38331641990688764,0,1,0
Kingdom of Sweden,2018,wind onshore,0.0553333333333333,SWE,-0.07221361418065186,1.3291135365132851,-0.29713919614195783,-0.3819539149788987,0,1,0
Kingdom of Sweden,2019,wind onshore,0.059,SWE,-0.09830619755929731,1.369279285497167,-0.21350078014450954,-0.3816590834320959,0,1,0
Kingdom of Sweden,2023,solar pv,0.0467972,SWE,0.39938675353777775,1.4347275439154206,-0.07446084927695669,-0.38092609261451876,1,0,0
Kingdom of Sweden,2013,wind onshore,0.082,SWE,-0.2863887406036812,1.155194619436784,0.00435227348986955,-0.38358866551381493,0,1,0
Kingdom of Sweden,2015,solar pv,0.018,SWE,-0.12062747702556015,1.2701196575025897,-0.10645075625033958,-0.38302328614478715,1,0,0
Kingdom of Sweden,2015,wind onshore,0.0725,SWE,-0.12062747702556015,1.2701196575025897,-0.10645075625033958,-0.38302328614478715,0,1,0
Kingdom of Sweden,2020,solar pv,0.0323,SWE,-0.18200039958287917,1.2963320332801866,0.04706505430907939,-0.38144705941454193,1,0,0
Kingdom of Sweden,2020,wind onshore,0.0405,SWE,-0.18200039958287917,1.2963320332801866,0.04706505430907939,-0.38144705941454193,0,1,0
Kingdom of Sweden,2008,wind onshore,0.047,SWE,0.027296831439219297,1.1298927517929604,-0.32037208947458234,-0.3846714426379724,0,1,0
Kingdom of Sweden,2010,wind onshore,0.0761,SWE,-0.28390429906688813,1.118599551633524,0.10407500025605786,-0.3842207220354894,0,1,0
Kingdom of Sweden,2016,wind onshore,0.05264,SWE,-0.2009077833365643,1.2978969923115922,-0.185442593581263,-0.38267093467606034,0,1,0
Swiss Confederation,2017,wind onshore,0.0397,CHE,-0.4705353289974061,2.97953320014205,-0.577363632646229,-0.38685495017745253,0,1,0
Swiss Confederation,2008,wind onshore,0.049,CHE,-0.2278842975442524,2.853665930314854,-0.8359636068947498,-0.38914188323460963,0,1,0
Republic of South Africa,2015,solar pv,0.0685,ZAF,0.3188222202260495,-1.012110193260347,3.059835175858189,-0.2495769791213001,1,0,0
Kingdom of Thailand,2016,solar pv,0.115,THA,-0.06953755752164421,-1.0249926030916976,-1.311701776521261,-0.2093753029433739,1,0,0
Kingdom of the Netherlands,2020,wind onshore,0.033,NLD,-0.10697210104812746,1.062002637893082,-0.7519677617691072,-0.36128961143900606,0,1,0
Kingdom of the Netherlands,2019,wind offshore,0.0465,NLD,-0.017248828252901992,1.171717875163952,-0.8307808845359336,-0.3615644023010566,0,0,1
Kingdom of the Netherlands,2018,wind onshore,0.053,NLD,-0.08325524400104962,1.1316782947300548,-0.7498231869999419,-0.36188646949960795,0,1,0
Kingdom of the Netherlands,2018,solar pv,0.055,NLD,-0.08325524400104962,1.1316782947300548,-0.7498231869999419,-0.36188646949960795,1,0,0
Kingdom of the Netherlands,2019,wind onshore,0.0483333333333333,NLD,-0.017248828252901992,1.171717875163952,-0.8307808845359336,-0.3615644023010566,0,1,0
Kingdom of the Netherlands,2019,solar pv,0.055,NLD,-0.017248828252901992,1.171717875163952,-0.8307808845359336,-0.3615644023010566,1,0,0
Kingdom of the Netherlands,2013,wind onshore,0.0633,NLD,-0.26859771054152604,0.9304138451983889,-0.14058523799288805,-0.36310134394272975,0,1,0
Kingdom of the Netherlands,2015,wind onshore,0.0425,NLD,-0.3028361948284642,0.9965629876533447,-0.20653091214472222,-0.3627160264434015,0,1,0
Kingdom of Saudi Arabia,2017,solar pv,0.042,SAU,0.43118941736088834,-0.19674279736644654,-0.38202861408808597,-0.3227955284381479,1,0,0
Kingdom of Morocco,2018,wind onshore,0.05552,MAR,-0.29606194259380963,-1.1542285272253061,0.22220532712424895,-0.3089675270556133,0,1,0
Republic of Trkiye,2020,wind onshore,0.07185,TUR,1.552744705586946,-0.7049799431479631,0.9150816921287509,-0.17375640838234427,0,1,0
Republic of Senegal,2022,solar pv,0.09,SEN,0.7436207591253439,-1.2489813645375218,-0.9276441782765681,-0.3606935297523133,1,0,0
Republic of Kenya,2020,solar pv,0.0691,KEN,0.23917424159679346,-1.240048278395571,-0.43046026095840323,-0.26239199171568117,1,0,0
Republic of Uganda,2014,solar pv,0.066,UGA,0.26019225948649016,-1.2786892102495597,-1.0150356001200556,-0.3073869691258679,1,0,0
United Kingdom of Great Britain and Northern Ireland,2014,wind onshore,0.065,GBR,-0.2453744032932875,0.9227959261763178,-0.29749662527015197,-0.22717088213829278,0,1,0
United Kingdom of Great Britain and Northern Ireland,2019,solar pv,0.055,GBR,-0.13671002831674728,1.0694774784779222,-0.7889616765372094,-0.22081761536997088,1,0,0
United Kingdom of Great Britain and Northern Ireland,2016,wind onshore,0.065,GBR,-0.159242526755735,0.9808026685286202,-0.5648536131594312,-0.22430058798233804,0,1,0
United Kingdom of Great Britain and Northern Ireland,2018,wind offshore,0.07,GBR,-0.16504974822360585,1.0445675318824221,-0.6983533925399736,-0.22188685856213802,0,0,1
United Kingdom of Great Britain and Northern Ireland,2018,solar pv,0.055,GBR,-0.16504974822360585,1.0445675318824221,-0.6983533925399736,-0.22188685856213802,1,0,0
United Kingdom of Great Britain and Northern Ireland,2018,wind onshore,0.0564,GBR,-0.16504974822360585,1.0445675318824221,-0.6983533925399736,-0.22188685856213802,0,1,0
United Kingdom of Great Britain and Northern Ireland,2019,wind onshore,0.033475,GBR,-0.13671002831674728,1.0694774784779222,-0.7889616765372094,-0.22081761536997088,0,1,0
United Kingdom of Great Britain and Northern Ireland,2013,wind onshore,0.065,GBR,-0.1398483436704526,0.8693939470957297,-0.0578403948159253,-0.22851894309894005,0,1,0
United Kingdom of Great Britain and Northern Ireland,2015,wind onshore,0.06,GBR,-0.3335423677678235,0.9545777587075414,-0.44868914649630853,-0.22570936252022034,0,1,0
United Kingdom of Great Britain and Northern Ireland,2015,solar pv,0.06,GBR,-0.3335423677678235,0.9545777587075414,-0.44868914649630853,-0.22570936252022034,1,0,0
United Kingdom of Great Britain and Northern Ireland,2013,solar pv,0.041975363,GBR,-0.1398483436704526,0.8693939470957297,-0.0578403948159253,-0.22851894309894005,1,0,0
United Kingdom of Great Britain and Northern Ireland,2017,solar pv,0.029532818,GBR,-0.1737971164703852,1.0259613491326642,-0.6390201572597326,-0.22302862588408404,1,0,0
United Kingdom of Great Britain and Northern Ireland,2020,solar pv,0.0335,GBR,0.24197314136198123,0.8154487546839816,-0.6354458659777903,-0.22012113403314426,1,0,0
United Kingdom of Great Britain and Northern Ireland,2020,wind offshore,0.0396,GBR,0.24197314136198123,0.8154487546839816,-0.6354458659777903,-0.22012113403314426,0,0,1
United Kingdom of Great Britain and Northern Ireland,2020,wind onshore,0.0345,GBR,0.24197314136198123,0.8154487546839816,-0.6354458659777903,-0.22012113403314426,0,1,0
United Kingdom of Great Britain and Northern Ireland,2012,wind offshore,0.135,GBR,-0.21549474644963454,0.8451189176245562,0.03973775718109774,-0.22973628032523136,0,0,1
Ukraine,2020,solar pv,0.1385,UKR,0.9528063410963182,-1.2038665694612722,0.25866309820005956,-0.2838270781349749,1,0,0
Ukraine,2020,wind onshore,0.1385,UKR,0.9528063410963182,-1.2038665694612722,0.25866309820005956,-0.2838270781349749,0,1,0
United Arab Emirates,2014,solar pv,0.05,ARE,-0.5106052660087649,0.8563144890083236,-1.0768708392976563,-0.3879708810270026,1,0,0
United Arab Emirates,2016,solar pv,0.039,ARE,-1.159539483912825,0.892866961368697,-1.1415655115008108,-0.3854806403846408,1,0,0
United Arab Emirates,2015,solar pv,0.036,ARE,-2.592852323594948,0.8822220698116067,-1.1142221831939525,-0.3867030965597833,1,0,0
Kingdom of Morocco,2018,solar pv,0.0425276,MAR,-0.29606194259380963,-1.1542285272253061,0.22220532712424895,-0.3089675270556133,1,0,0
Hashemite Kingdom of Jordan,2015,solar pv,0.057,JOR,-0.13179763869236416,-1.1168688143464234,0.9020355289496617,-0.38374692634912955,1,0,0
Oriental Republic of Uruguay,2020,wind onshore,0.042,URY,1.0438016942073136,-0.48935707262037986,0.42629735932315044,-0.40122461313267127,0,1,0
United States of America,2023,solar pv,0.058440072,USA,0.05890613137864971,2.013078432060564,-0.7844938124347816,0.5415604277860175,1,0,0
United States of America,2010,wind onshore,0.06692,USA,-0.2592057009804846,1.3522985289626768,0.28689999932740307,0.4687924312838849,0,1,0
United States of America,2016,wind onshore,0.0597799999999999,USA,-0.29457479282536697,1.5971601646133176,-0.564496184031237,0.5078801900654758,0,1,0
United States of America,2017,solar pv,0.03,USA,-0.18238211731729684,1.6500312303720752,-0.6563554699771523,0.5137111647947943,1,0,0
United States of America,2018,solar pv,0.031,USA,-0.11562735356091806,1.7221172330956138,-0.7383854548977267,0.5185914312803148,1,0,0
United States of America,2020,solar pv,0.06244812,USA,-0.24404885769666151,1.690021000141168,0.004888417182160905,0.5319255365706674,1,0,0
United States of America,2020,wind offshore,0.05192,USA,-0.24404885769666151,1.690021000141168,0.004888417182160905,0.5319255365706674,0,0,1
United States of America,2020,wind onshore,0.0514333333333333,USA,-0.24404885769666151,1.690021000141168,0.004888417182160905,0.5319255365706674,0,1,0
United States of America,2017,wind onshore,0.06,USA,-0.18238211731729684,1.6500312303720752,-0.6563554699771523,0.5137111647947943,0,1,0
United States of America,2015,wind onshore,0.061,USA,-0.297548825535646,1.5658536834321797,-0.49104449818732404,0.5012461432649475,0,1,0
United States of America,2008,wind onshore,0.075,USA,-0.1642404725421949,1.3969734801487275,-0.4009723578823798,0.45391000606610726,0,1,0
Socialist Republic of Vietnam,2023,solar pv,0.1366,VNM,-0.1669740580702999,-1.1311617850676707,-1.1406719386803252,-0.12550317168277436,1,0,0
Socialist Republic of Vietnam,2022,solar pv,0.0975,VNM,0.11935553229397008,-1.139085468815219,-1.162475115500173,-0.12741292921313704,1,0,0
Socialist Republic of Vietnam,2022,wind offshore,0.1125,VNM,0.11935553229397008,-1.139085468815219,-1.162475115500173,-0.12741292921313704,0,0,1
Socialist Republic of Vietnam,2020,solar pv,0.069075,VNM,-0.2255415944995096,-1.1543066040753986,-1.0588206683238481,-0.13196726938144457,1,0,0
Socialist Republic of Vietnam,2020,wind offshore,0.0808,VNM,-0.2255415944995096,-1.1543066040753986,-1.0588206683238481,-0.13196726938144457,0,0,1
Socialist Republic of Vietnam,2020,wind onshore,0.0675666666666666,VNM,-0.2255415944995096,-1.1543066040753986,-1.0588206683238481,-0.13196726938144457,0,1,0
Socialist Republic of Vietnam,2016,solar pv,0.1,VNM,-0.17854670303971407,-1.1840503472788402,-1.1043928821686115,-0.14356758669591363,1,0,0
Republic of Kenya,2022,solar pv,0.0875,KEN,0.5072416520196955,-1.2330527255157533,-0.41473337931785736,-0.25660437448313195,1,0,0
Republic of Zambia,2016,solar pv,0.038,ZMB,1.39079372725849,-1.2555257500783559,-0.4983717953153057,-0.3627885448854595,1,0,0
